1, 2026-09-10T00:20:00Z, SEA, NE
1, 2026-09-11T00:35:00Z, LA, SF
1, 2026-09-13T17:00:00Z, CAR, CHI
1, 2026-09-13T17:00:00Z, CIN, TB
1, 2026-09-13T17:00:00Z, DET, NO
1, 2026-09-13T17:00:00Z, HOU, BUF
1, 2026-09-13T17:00:00Z, IND, BAL
1, 2026-09-13T17:00:00Z, JAX, CLE
1, 2026-09-13T17:00:00Z, PIT, ATL
1, 2026-09-13T17:00:00Z, TEN, NYJ
1, 2026-09-13T20:25:00Z, LAC, ARI
1, 2026-09-13T20:25:00Z, LV, MIA
1, 2026-09-13T20:25:00Z, MIN, GB
1, 2026-09-13T20:25:00Z, PHI, WAS
1, 2026-09-14T00:20:00Z, NYG, DAL
1, 2026-09-15T00:15:00Z, KC, DEN
2, 2026-09-18T00:15:00Z, BUF, DET
2, 2026-09-20T17:00:00Z, ATL, CAR
2, 2026-09-20T17:00:00Z, BAL, NO
2, 2026-09-20T17:00:00Z, CHI, MIN
2, 2026-09-20T17:00:00Z, HOU, CIN
2, 2026-09-20T17:00:00Z, NE, PIT
2, 2026-09-20T17:00:00Z, NYJ, GB
2, 2026-09-20T17:00:00Z, TB, CLE
2, 2026-09-20T17:00:00Z, TEN, PHI
2, 2026-09-20T20:05:00Z, DEN, JAX
2, 2026-09-20T20:05:00Z, LAC, LV
2, 2026-09-20T20:25:00Z, ARI, SEA
2, 2026-09-20T20:25:00Z, DAL, WAS
2, 2026-09-20T20:25:00Z, SF, MIA
2, 2026-09-21T00:20:00Z, KC, IND
2, 2026-09-22T00:15:00Z, LA, NYG
3, 2026-09-25T00:15:00Z, GB, ATL
3, 2026-09-27T17:00:00Z, BUF, LAC
3, 2026-09-27T17:00:00Z, CLE, CAR
3, 2026-09-27T17:00:00Z, DET, NYJ
3, 2026-09-27T17:00:00Z, IND, HOU
3, 2026-09-27T17:00:00Z, JAX, NE
3, 2026-09-27T17:00:00Z, MIA, KC
3, 2026-09-27T17:00:00Z, NYG, TEN
3, 2026-09-27T17:00:00Z, PIT, CIN
3, 2026-09-27T17:00:00Z, WAS, SEA
3, 2026-09-27T20:05:00Z, SF, ARI
3, 2026-09-27T20:05:00Z, TB, MIN
3, 2026-09-27T20:25:00Z, DAL, BAL
3, 2026-09-27T20:25:00Z, NO, LV
3, 2026-09-28T00:20:00Z, DEN, LA
3, 2026-09-29T00:15:00Z, CHI, PHI
4, 2026-10-02T00:15:00Z, CLE, PIT
4, 2026-10-04T13:30:00Z, WAS, IND
4, 2026-10-04T17:00:00Z, BAL, TEN
4, 2026-10-04T17:00:00Z, BUF, NE
4, 2026-10-04T17:00:00Z, CHI, NYJ
4, 2026-10-04T17:00:00Z, CIN, JAX
4, 2026-10-04T17:00:00Z, HOU, DAL
4, 2026-10-04T17:00:00Z, NYG, ARI
4, 2026-10-04T17:00:00Z, PHI, LA
4, 2026-10-04T17:00:00Z, TB, GB
4, 2026-10-04T20:05:00Z, MIN, MIA
4, 2026-10-04T20:25:00Z, LV, KC
4, 2026-10-04T20:25:00Z, SEA, LAC
4, 2026-10-04T20:25:00Z, SF, DEN
4, 2026-10-05T00:20:00Z, CAR, DET
4, 2026-10-06T00:15:00Z, NO, ATL
5, 2026-10-09T00:15:00Z, DAL, TB
5, 2026-10-11T13:30:00Z, JAX, PHI
5, 2026-10-11T17:00:00Z, MIA, CIN
5, 2026-10-11T17:00:00Z, NE, LV
5, 2026-10-11T17:00:00Z, NO, MIN
5, 2026-10-11T17:00:00Z, NYJ, CLE
5, 2026-10-11T17:00:00Z, PIT, IND
5, 2026-10-11T17:00:00Z, TEN, HOU
5, 2026-10-11T17:00:00Z, WAS, NYG
5, 2026-10-11T20:05:00Z, LAC, DEN
5, 2026-10-11T20:25:00Z, ARI, DET
5, 2026-10-11T20:25:00Z, GB, CHI
5, 2026-10-11T20:25:00Z, SEA, SF
5, 2026-10-12T00:20:00Z, ATL, BAL
5, 2026-10-13T00:15:00Z, LA, BUF
6, 2026-10-16T00:15:00Z, DEN, SEA
6, 2026-10-18T13:30:00Z, JAX, HOU
6, 2026-10-18T17:00:00Z, ATL, CHI
6, 2026-10-18T17:00:00Z, CLE, BAL
6, 2026-10-18T17:00:00Z, IND, TEN
6, 2026-10-18T17:00:00Z, NE, NYJ
6, 2026-10-18T17:00:00Z, NYG, NO
6, 2026-10-18T17:00:00Z, PHI, CAR
6, 2026-10-18T17:00:00Z, TB, PIT
6, 2026-10-18T20:05:00Z, LA, ARI
6, 2026-10-18T20:25:00Z, KC, LAC
6, 2026-10-18T20:25:00Z, LV, BUF
6, 2026-10-19T00:20:00Z, GB, DAL
6, 2026-10-20T00:15:00Z, SF, WAS
7, 2026-10-23T00:15:00Z, CHI, NE
7, 2026-10-25T13:30:00Z, NO, PIT
7, 2026-10-25T17:00:00Z, ATL, SF
7, 2026-10-25T17:00:00Z, BAL, CIN
7, 2026-10-25T17:00:00Z, CAR, TB
7, 2026-10-25T17:00:00Z, HOU, NYG
7, 2026-10-25T17:00:00Z, MIN, IND
7, 2026-10-25T17:00:00Z, NYJ, MIA
7, 2026-10-25T17:00:00Z, TEN, CLE
7, 2026-10-25T20:05:00Z, ARI, DEN
7, 2026-10-25T20:25:00Z, DET, GB
7, 2026-10-25T20:25:00Z, LV, LA
7, 2026-10-26T00:20:00Z, SEA, KC
7, 2026-10-27T00:15:00Z, PHI, DAL
8, 2026-10-30T00:15:00Z, GB, CAR
8, 2026-11-01T18:00:00Z, BUF, BAL
8, 2026-11-01T18:00:00Z, CIN, TEN
8, 2026-11-01T18:00:00Z, DAL, ARI
8, 2026-11-01T18:00:00Z, DET, MIN
8, 2026-11-01T18:00:00Z, JAX, IND
8, 2026-11-01T18:00:00Z, NYJ, LV
8, 2026-11-01T18:00:00Z, PIT, CLE
8, 2026-11-01T18:00:00Z, TB, ATL
8, 2026-11-01T21:05:00Z, LA, LAC
8, 2026-11-01T21:25:00Z, DEN, KC
8, 2026-11-01T21:25:00Z, MIA, NE
8, 2026-11-02T01:20:00Z, WAS, PHI
8, 2026-11-03T01:15:00Z, SEA, CHI
9, 2026-11-06T01:15:00Z, BAL, JAX
9, 2026-11-08T14:30:00Z, ATL, CIN
9, 2026-11-08T18:00:00Z, CAR, DEN
9, 2026-11-08T18:00:00Z, IND, DAL
9, 2026-11-08T18:00:00Z, KC, NYJ
9, 2026-11-08T18:00:00Z, MIA, DET
9, 2026-11-08T18:00:00Z, NO, CLE
9, 2026-11-08T18:00:00Z, PHI, NYG
9, 2026-11-08T18:00:00Z, WAS, LA
9, 2026-11-08T21:05:00Z, LAC, HOU
9, 2026-11-08T21:05:00Z, SF, LV
9, 2026-11-08T21:25:00Z, NE, GB
9, 2026-11-08T21:25:00Z, SEA, ARI
9, 2026-11-09T01:20:00Z, CHI, TB
9, 2026-11-10T01:15:00Z, MIN, BUF
10, 2026-11-13T01:15:00Z, NYG, WAS
10, 2026-11-15T14:30:00Z, DET, NE
10, 2026-11-15T18:00:00Z, ATL, KC
10, 2026-11-15T18:00:00Z, CLE, HOU
10, 2026-11-15T18:00:00Z, GB, MIN
10, 2026-11-15T18:00:00Z, IND, MIA
10, 2026-11-15T18:00:00Z, NO, CAR
10, 2026-11-15T18:00:00Z, NYJ, BUF
10, 2026-11-15T18:00:00Z, TEN, JAX
10, 2026-11-15T21:05:00Z, ARI, LA
10, 2026-11-15T21:05:00Z, LV, SEA
10, 2026-11-15T21:25:00Z, DAL, SF
10, 2026-11-16T01:20:00Z, CIN, PIT
10, 2026-11-17T01:15:00Z, BAL, LAC
11, 2026-11-20T01:15:00Z, HOU, IND
11, 2026-11-22T18:00:00Z, BUF, MIA
11, 2026-11-22T18:00:00Z, CAR, BAL
11, 2026-11-22T18:00:00Z, CHI, NO
11, 2026-11-22T18:00:00Z, DAL, TEN
11, 2026-11-22T18:00:00Z, DET, TB
11, 2026-11-22T18:00:00Z, KC, ARI
11, 2026-11-22T18:00:00Z, NYG, JAX
11, 2026-11-22T21:05:00Z, LAC, NYJ
11, 2026-11-22T21:25:00Z, DEN, LV
11, 2026-11-22T21:25:00Z, PHI, PIT
11, 2026-11-23T01:20:00Z, SF, MIN
11, 2026-11-24T01:15:00Z, WAS, CIN
12, 2026-11-26T01:00:00Z, LA, GB
12, 2026-11-26T18:00:00Z, DET, CHI
12, 2026-11-26T21:30:00Z, DAL, PHI
12, 2026-11-27T01:20:00Z, BUF, KC
12, 2026-11-27T20:00:00Z, PIT, DEN
12, 2026-11-29T18:00:00Z, CIN, NO
12, 2026-11-29T18:00:00Z, CLE, LV
12, 2026-11-29T18:00:00Z, HOU, BAL
12, 2026-11-29T18:00:00Z, IND, NYG
12, 2026-11-29T18:00:00Z, MIA, NYJ
12, 2026-11-29T18:00:00Z, MIN, ATL
12, 2026-11-29T21:05:00Z, JAX, TEN
12, 2026-11-29T21:25:00Z, ARI, WAS
12, 2026-11-29T21:25:00Z, SF, SEA
12, 2026-11-30T01:20:00Z, LAC, NE
12, 2026-12-01T01:15:00Z, TB, CAR
13, 2026-12-04T01:15:00Z, LA, KC
13, 2026-12-06T18:00:00Z, ATL, DET
13, 2026-12-06T18:00:00Z, CHI, JAX
13, 2026-12-06T18:00:00Z, CLE, CIN
13, 2026-12-06T18:00:00Z, NO, GB
13, 2026-12-06T18:00:00Z, NYG, SF
13, 2026-12-06T18:00:00Z, TB, LAC
13, 2026-12-06T18:00:00Z, TEN, WAS
13, 2026-12-06T21:05:00Z, ARI, PHI
13, 2026-12-06T21:05:00Z, DEN, MIA
13, 2026-12-06T21:25:00Z, MIN, CAR
13, 2026-12-06T21:25:00Z, NE, BUF
13, 2026-12-07T01:20:00Z, PIT, HOU
13, 2026-12-08T01:15:00Z, SEA, DAL
14, 2026-12-11T01:15:00Z, NE, MIN
14, 2026-12-13T18:00:00Z, BAL, TB
14, 2026-12-13T18:00:00Z, CAR, NO
14, 2026-12-13T18:00:00Z, CLE, ATL
14, 2026-12-13T18:00:00Z, DET, TEN
14, 2026-12-13T18:00:00Z, MIA, CHI
14, 2026-12-13T18:00:00Z, NYJ, DEN
14, 2026-12-13T18:00:00Z, PHI, IND
14, 2026-12-13T18:00:00Z, WAS, HOU
14, 2026-12-13T21:05:00Z, LV, LAC
14, 2026-12-13T21:25:00Z, CIN, KC
14, 2026-12-13T21:25:00Z, SEA, NYG
14, 2026-12-13T21:25:00Z, SF, LA
14, 2026-12-14T01:20:00Z, GB, BUF
14, 2026-12-15T01:15:00Z, JAX, PIT
15, 2026-12-18T01:15:00Z, LAC, SF
15, 2026-12-19T22:00:00Z, PHI, SEA
15, 2026-12-20T01:20:00Z, BUF, CHI
15, 2026-12-20T18:00:00Z, CAR, CIN
15, 2026-12-20T18:00:00Z, GB, MIA
15, 2026-12-20T18:00:00Z, HOU, JAX
15, 2026-12-20T18:00:00Z, NYG, CLE
15, 2026-12-20T18:00:00Z, PIT, BAL
15, 2026-12-20T18:00:00Z, TB, NO
15, 2026-12-20T18:00:00Z, TEN, IND
15, 2026-12-20T18:00:00Z, WAS, ATL
15, 2026-12-20T21:05:00Z, ARI, NYJ
15, 2026-12-20T21:25:00Z, LA, DAL
15, 2026-12-20T21:25:00Z, LV, DEN
15, 2026-12-21T01:20:00Z, MIN, DET
15, 2026-12-22T01:15:00Z, KC, NE
16, 2026-12-25T01:15:00Z, PHI, HOU
16, 2026-12-25T18:00:00Z, CHI, GB
16, 2026-12-25T21:30:00Z, DEN, BUF
16, 2026-12-26T01:15:00Z, SEA, LA
16, 2026-12-27T18:00:00Z, ATL, TB
16, 2026-12-27T18:00:00Z, BAL, CLE
16, 2026-12-27T18:00:00Z, IND, CIN
16, 2026-12-27T18:00:00Z, MIA, LAC
16, 2026-12-27T18:00:00Z, MIN, WAS
16, 2026-12-27T18:00:00Z, NO, ARI
16, 2026-12-27T18:00:00Z, NYJ, NE
16, 2026-12-27T18:00:00Z, PIT, CAR
16, 2026-12-27T21:05:00Z, LV, TEN
16, 2026-12-27T21:25:00Z, KC, SF
16, 2026-12-28T01:20:00Z, DAL, JAX
16, 2026-12-29T01:15:00Z, DET, NYG
17, 2027-01-01T01:15:00Z, CIN, BAL
17, 2027-01-03T18:00:00Z, ATL, NO
17, 2027-01-03T18:00:00Z, CAR, SEA
17, 2027-01-03T18:00:00Z, CLE, IND
17, 2027-01-03T18:00:00Z, DAL, NYG
17, 2027-01-03T18:00:00Z, JAX, WAS
17, 2027-01-03T18:00:00Z, LAC, KC
17, 2027-01-03T18:00:00Z, MIA, BUF
17, 2027-01-03T18:00:00Z, NE, DEN
17, 2027-01-03T18:00:00Z, NYJ, MIN
17, 2027-01-03T18:00:00Z, TB, LA
17, 2027-01-03T18:00:00Z, TEN, PIT
17, 2027-01-03T21:05:00Z, ARI, LV
17, 2027-01-03T21:25:00Z, CHI, DET
17, 2027-01-04T01:20:00Z, SF, PHI
17, 2027-01-05T01:15:00Z, GB, HOU
18, 2027-01-10T18:00:00Z, ARI, SF
18, 2027-01-10T18:00:00Z, BAL, PIT
18, 2027-01-10T18:00:00Z, BUF, NYJ
18, 2027-01-10T18:00:00Z, CAR, ATL
18, 2027-01-10T18:00:00Z, CIN, CLE
18, 2027-01-10T18:00:00Z, DEN, LAC
18, 2027-01-10T18:00:00Z, GB, DET
18, 2027-01-10T18:00:00Z, HOU, TEN
18, 2027-01-10T18:00:00Z, IND, JAX
18, 2027-01-10T18:00:00Z, KC, LV
18, 2027-01-10T18:00:00Z, LA, SEA
18, 2027-01-10T18:00:00Z, MIN, CHI
18, 2027-01-10T18:00:00Z, NE, MIA
18, 2027-01-10T18:00:00Z, NO, TB
18, 2027-01-10T18:00:00Z, NYG, PHI
18, 2027-01-10T18:00:00Z, WAS, DAL
