season,team,position,status,full_name,first_name,last_name,jersey_number,depth_chart_position,gsis_id,espn_id,years_exp,headshot_url,week
2026,KC,QB,RES,Chris Oladokun,Chris,Oladokun,19,QB,00-0037324,4044111,4,"https://static.www.nfl.com/image/upload/f_auto,q_auto/league/zlcmvcyi6laaklmjv1j2",1
2026,SF,QB,CUT,Adrian Martinez,Adrian,Martinez,4,QB,00-0038658,4361182,3,"https://static.www.nfl.com/image/upload/f_auto,q_auto/league/w0ehlpfwk70tqpswllwv",1
2026,BAL,QB,CUT,Austin Reed,Austin,Reed,15,QB,00-0039464,4368343,2,"https://static.www.nfl.com/image/upload/f_auto,q_auto/league/gh0y2g1z1xqop1t0boeu",1
2026,JAX,QB,RES,Carter Bradley,Carter,Bradley,10,QB,00-0039534,4362260,2,"https://static.www.nfl.com/image/upload/f_auto,q_auto/league/ystkos8c5gnjtsgxg7vg",1
2026,MIA,QB,CUT,Cam Miller,Camden,Miller,15,QB,00-0040222,4693331,1,"https://static.www.nfl.com/image/upload/f_auto,q_auto/league/cmxq5676dl7nfub07rao",1
2026,TB,QB,CUT,Connor Bazelak,Connor,Bazelak,16,QB,00-0040415,,1,"https://static.www.nfl.com/image/upload/f_auto,q_auto/league/q3vgg2tiyhwnbnwpuc7o",1
2026,NO,QB,CUT,Hunter Dekkers,Hunter,Dekkers,13,QB,00-0040656,4565358,1,"https://static.www.nfl.com/image/upload/f_auto,q_auto/league/fcuzrfcbmtqlxksgmg7i",1
2026,LV,QB,CUT,Jacob Clark,Jacob,Clark,16,QB,00-0040996,,0,"https://static.www.nfl.com/image/upload/f_auto,q_auto/league/zw2yzeb5jhowboogfpki",1
2026,HOU,QB,CUT,Mark Gronowski,Mark,Gronowski,16,QB,00-0041156,4695400,0,"https://static.www.nfl.com/image/upload/f_auto,q_auto/league/yqbrulccgmwxaboyy3dx",2
2026,NYJ,QB,CUT,Bailey Zappe,Bailey,Zappe,4,QB,00-0038108,4250360,4,"https://static.www.nfl.com/image/upload/f_auto,q_auto/league/b6ntwwdcbjnzv2gml8tk",3
2026,PIT,QB,ACT,Aaron Rodgers,Aaron,Rodgers,8,QB,00-0023459,8439,21,"https://static.www.nfl.com/image/upload/f_auto,q_auto/league/dypvakakxhccxs67tb0y",4
2026,CIN,QB,ACT,Joe Flacco,Joseph,Flacco,16,QB,00-0026158,11252,18,"https://static.www.nfl.com/image/upload/f_auto,q_auto/league/dre1d2f2d6dxqohzn5l2",4
2026,CIN,QB,DEV,Josh Johnson,Joshua,Johnson,11,QB,00-0026300,11394,18,"https://static.www.nfl.com/image/upload/f_auto,q_auto/league/sijqkai2yy1cbw3rwndh",4
2026,LA,QB,ACT,Matthew Stafford,John,Stafford,9,QB,00-0026498,12483,17,"https://static.www.nfl.com/image/upload/f_auto,q_auto/league/jwpkjfrkzufdyh8u1mg7",4
2026,PHI,QB,ACT,Andy Dalton,Andrew,Dalton,14,QB,00-0027973,14012,15,"https://static.www.nfl.com/image/upload/f_auto,q_auto/league/sfsneh0bn46e2kwve7sr",4
2026,GB,QB,ACT,Tyrod Taylor,Tyrod,Taylor,6,QB,00-0028118,14163,15,"https://static.www.nfl.com/image/upload/f_auto,q_auto/league/whpztm9akd7yefplp37r",4
2026,CHI,QB,ACT,Case Keenum,Casey,Keenum,11,QB,00-0028986,15168,14,"https://static.www.nfl.com/image/upload/f_auto,q_auto/league/weixhyzal4ntsyszyepu",4
2026,LV,QB,ACT,Kirk Cousins,Kirk,Cousins,8,QB,00-0029604,14880,14,"https://static.www.nfl.com/image/upload/f_auto,q_auto/league/za7cynvpwlsro1tsaijk",4
2026,NYJ,QB,ACT,Geno Smith,Eugene,Smith,7,QB,00-0030565,15864,13,"https://static.www.nfl.com/image/upload/f_auto,q_auto/league/zppfqqcyjfma14jjif3a",4
2026,DET,QB,RET,Teddy Bridgewater,Theodore,Bridgewater,5,QB,00-0031237,16728,12,"https://static.www.nfl.com/image/upload/f_auto,q_auto/league/vwtggtoroccnjv3h0niq",4
2026,NYG,QB,ACT,Jameis Winston,Jameis,Winston,19,QB,00-0031503,2969939,11,"https://static.www.nfl.com/image/upload/f_auto,q_auto/league/e5qyxnibbyawi0pvfpjl",4
2026,WAS,QB,ACT,Marcus Mariota,Marcus,Mariota,8,QB,00-0032268,2576980,11,"https://static.www.nfl.com/image/upload/f_auto,q_auto/league/grx6m1fmu1odltjo3y31",4
2026,MIN,QB,ACT,Carson Wentz,Carson,Wentz,11,QB,00-0032950,2573079,10,"https://static.www.nfl.com/image/upload/f_auto,q_auto/league/vuolixdvigc8axelug66",4
2026,DAL,QB,ACT,Dak Prescott,Rayne,Prescott,4,QB,00-0033077,2577417,10,"https://static.www.nfl.com/image/upload/f_auto,q_auto/league/yvscmqq1qki8zfsemmcd",4
2026,DET,QB,ACT,Jared Goff,Jared,Goff,16,QB,00-0033106,3046779,10,"https://static.www.nfl.com/image/upload/f_auto,q_auto/league/kaicbot8qhzrvddilbtp",4
2026,ARI,QB,ACT,Jacoby Brissett,Jacoby,Brissett,7,QB,00-0033119,2578570,10,"https://static.www.nfl.com/image/upload/f_auto,q_auto/league/qjswiunczrn5xmdiqhlz",4
2026,JAX,QB,DEV,Nick Mullens,Nicholas,Mullens,14,QB,00-0033319,3059989,9,"https://static.www.nfl.com/image/upload/f_auto,q_auto/league/haxwyajgngz6quuyqg19",4
2026,CLE,QB,ACT,Deshaun Watson,Derrick,Watson,4,QB,00-0033537,3122840,9,"https://static.www.nfl.com/image/private/f_auto,q_auto/league/otfs2docj6eahaebo5xn",4
2026,ATL,QB,ACT,Cooper Rush,Cooper,Rush,13,QB,00-0033662,2972515,9,"https://static.www.nfl.com/image/upload/f_auto,q_auto/league/mwrtykpswz7nbfisqlmj",4
2026,TEN,QB,ACT,Mitchell Trubisky,Mitchell,Trubisky,10,QB,00-0033869,3039707,9,"https://static.www.nfl.com/image/upload/f_auto,q_auto/league/yxs7ix2pmcfv5k1qn1sk",4
2026,KC,QB,ACT,Patrick Mahomes,Patrick,Mahomes,15,QB,00-0033873,3139477,9,"https://static.www.nfl.com/image/upload/f_auto,q_auto/league/wdckwtob1lybvkmxnf7p",4
2026,DET,QB,ACT,Joshua Dobbs,Robert,Dobbs,11,QB,00-0033949,3044720,9,"https://static.www.nfl.com/image/upload/f_auto,q_auto/league/twaqqjexyi0vgyfbvzis",4
2026,BUF,QB,ACT,Kyle Allen,Kyle,Allen,11,QB,00-0034577,3115293,8,"https://static.www.nfl.com/image/upload/f_auto,q_auto/league/s3vbqdcoc6oc6yh460v9",4
2026,PIT,QB,ACT,Mason Rudolph,Mason,Rudolph,2,QB,00-0034771,3116407,8,"https://static.www.nfl.com/image/upload/f_auto,q_auto/league/oadtxde6hxz1jgrs618o",4
2026,BAL,QB,ACT,Lamar Jackson,Lamar,Jackson,8,QB,00-0034796,3916387,8,"https://static.www.nfl.com/image/upload/f_auto,q_auto/league/eno6s5qzl9grbfbfwhoa",4
2026,TB,QB,INA,Baker Mayfield,Baker,Mayfield,6,QB,00-0034855,3052587,8,"https://static.www.nfl.com/image/upload/f_auto,q_auto/league/gjb8e69jtt1ffqf1afue",4
2026,BUF,QB,ACT,Josh Allen,Joshua,Allen,17,QB,00-0034857,3918298,8,"https://static.www.nfl.com/image/upload/f_auto,q_auto/league/mjwbioajzldkq1vzoz2d",4
2026,SEA,QB,ACT,Sam Darnold,Sam,Darnold,14,QB,00-0034869,3912547,8,"https://static.www.nfl.com/image/upload/f_auto,q_auto/league/fyay8vruj0cqmhopufzk",4
2026,TB,QB,DEV,Brett Rypien,Brett,Rypien,16,QB,00-0034955,3722362,7,"https://static.www.nfl.com/image/upload/f_auto,q_auto/league/aagqym9xmd5rligbbacq",4
2026,MIN,QB,ACT,Kyler Murray,Kyler,Murray,1,QB,00-0035228,3917315,7,"https://static.www.nfl.com/image/upload/f_auto,q_auto/league/btfruyf33adgnjzpcuen",4
2026,CAR,QB,RET,Will Grier,Will,Grier,14,QB,00-0035251,3115252,7,"https://static.www.nfl.com/image/upload/f_auto,q_auto/league/c8cmoyu2wemjpl6ctk9g",4
2026,DEN,QB,ACT,Jarrett Stidham,Jarrett,Stidham,8,QB,00-0035264,3892775,7,"https://static.www.nfl.com/image/upload/f_auto,q_auto/league/uzdn86skeienyyqxyiuw",4
2026,TB,QB,ACT,Easton Stick,Easton,Stick,16,QB,00-0035282,3120590,7,"https://static.www.nfl.com/image/upload/f_auto,q_auto/league/rspxeh6kxzfr7ftkcywh",4
2026,ARI,QB,ACT,Gardner Minshew,Gardner,Minshew,15,QB,00-0035289,4038524,7,"https://static.www.nfl.com/image/upload/f_auto,q_auto/league/knlacyr7rqfkcxiriudj",4
2026,SEA,QB,ACT,Drew Lock,Drew,Lock,2,QB,00-0035704,3924327,7,"https://static.www.nfl.com/image/upload/f_auto,q_auto/league/vdixnkk1uglfpwowalf8",4
2026,IND,QB,ACT,Daniel Jones,Daniel,Jones,17,QB,00-0035710,3917792,7,"https://static.www.nfl.com/image/upload/f_auto,q_auto/league/ohvvctuykzwrpqer7xgl",4
2026,BAL,QB,ACT,Tyler Huntley,Tyler,Huntley,5,QB,00-0035993,4035671,6,"https://static.www.nfl.com/image/upload/f_auto,q_auto/league/fxyjf9d5qkwqjdd8ypvv",4
2026,ATL,QB,ACT,Tua Tagovailoa,Tua,Tagovailoa,1,QB,00-0036212,4241479,6,"https://static.www.nfl.com/image/upload/f_auto,q_auto/league/tmm4ohds7qci0vqoobhm",4
2026,GB,QB,ACT,Jordan Love,Jordan,Love,10,QB,00-0036264,4036378,6,"https://static.www.nfl.com/image/upload/f_auto,q_auto/league/thz8stjkbjwddxqnozi5",4
2026,LAC,QB,ACT,Justin Herbert,Justin,Herbert,10,QB,00-0036355,4038941,6,"https://static.www.nfl.com/image/upload/f_auto,q_auto/league/jnkspnntgebegzp4ghve",4
2026,PHI,QB,ACT,Jalen Hurts,Jalen,Hurts,1,QB,00-0036389,4040715,6,"https://static.www.nfl.com/image/upload/f_auto,q_auto/league/xow5yvxjeqa6witmofmp",4
2026,CIN,QB,ACT,Joe Burrow,Joe,Burrow,9,QB,00-0036442,3915511,6,"https://static.www.nfl.com/image/upload/f_auto,q_auto/league/gnnvcgui1cijybukk2w7",4
2026,BUF,QB,DEV,Shane Buechele,Shane,Buechele,6,QB,00-0036679,4039034,5,"https://static.www.nfl.com/image/upload/f_auto,q_auto/league/kmbuzxucmmytpuoy8yfc",4
2026,DEN,QB,INA,Sam Ehlinger,Samuel,Ehlinger,4,QB,00-0036879,4241820,5,"https://static.www.nfl.com/image/upload/f_auto,q_auto/league/imtb2ia03w2ujrl9dprs",4
2026,HOU,QB,ACT,Davis Mills,Davis,Mills,10,QB,00-0036898,4242546,5,"https://static.www.nfl.com/image/upload/f_auto,q_auto/league/jh9e97vjzmeafx8jz0sn",4
2026,KC,QB,ACT,Justin Fields,Justin,Fields,6,QB,00-0036945,4362887,5,"https://static.www.nfl.com/image/upload/f_auto,q_auto/league/npjrombgxkc5vjkctcgy",4
2026,JAX,QB,ACT,Trevor Lawrence,Trevor,Lawrence,16,QB,00-0036971,4360310,5,"https://static.www.nfl.com/image/upload/f_auto,q_auto/league/k9uzdernqkx7oquy7dkg",4
2026,SF,QB,ACT,Mac Jones,Michael,Jones,10,QB,00-0036972,4241464,5,"https://static.www.nfl.com/image/upload/f_auto,q_auto/league/mbdwfwiuhl0ib5ajtmzq",4
2026,LAC,QB,ACT,Trey Lance,Trey,Lance,5,QB,00-0037012,4383351,5,"https://static.www.nfl.com/image/upload/f_auto,q_auto/league/j3psmvvxo13kmbgi60ej",4
2026,NO,QB,ACT,Zach Wilson,Zachary,Wilson,11,QB,00-0037013,4361259,5,"https://static.www.nfl.com/image/upload/f_auto,q_auto/league/i17xpbsar7evcypbhtel",4
2026,DAL,QB,ACT,Sam Howell,Sam,Howell,16,QB,00-0037077,4426875,4,"https://static.www.nfl.com/image/upload/f_auto,q_auto/league/sx77bippywnl0dx6m8q9",4
2026,BAL,QB,RES,Skylar Thompson,Skylar,Thompson,11,QB,00-0037327,4036419,4,"https://static.www.nfl.com/image/upload/f_auto,q_auto/league/estx7utxpnqif0lto9cq",4
2026,SF,QB,ACT,Brock Purdy,Brock,Purdy,13,QB,00-0037834,4361741,4,"https://static.www.nfl.com/image/upload/f_auto,q_auto/league/xs2fyj1sqdgwvt9ihbri",4
2026,CAR,QB,ACT,Kenny Pickett,Kenny,Pickett,12,QB,00-0038102,4240703,4,"https://static.www.nfl.com/image/upload/f_auto,q_auto/league/gw6lyiuevyuspfkglnmj",4
2026,MIA,QB,ACT,Malik Willis,Malik,Willis,2,QB,00-0038128,4242512,4,"https://static.www.nfl.com/image/upload/f_auto,q_auto/league/txvgdbwbryzyyqq6gfet",4
2026,CIN,QB,DEV,Sean Clifford,Sean,Clifford,4,QB,00-0038391,4259592,3,"https://static.www.nfl.com/image/upload/f_auto,q_auto/league/v0tmzl4x5qf2fo2yimqf",4
2026,PHI,QB,ACT,Tanner McKee,Tanner,McKee,16,QB,00-0038400,4685201,3,"https://static.www.nfl.com/image/upload/f_auto,q_auto/league/oveivzhzv13jrfvkp8zg",4
2026,CHI,QB,ACT,Tyson Bagent,Tyson,Bagent,17,QB,00-0038416,4434153,3,"https://static.www.nfl.com/image/upload/f_auto,q_auto/league/ymimvligfyrucu0v3p6a",4
2026,NE,QB,ACT,Tommy DeVito,Tommy,DeVito,16,QB,00-0038476,4240391,3,"https://static.www.nfl.com/image/upload/f_auto,q_auto/league/hb3m2zbfb5aprw6vdqx8",4
2026,TEN,QB,DEV,Hendon Hooker,Hendon,Hooker,16,QB,00-0038550,4240858,3,"https://static.www.nfl.com/image/upload/f_auto,q_auto/league/jq92ol8hm5n7byqhpcps",4
2026,LV,QB,INA,Aidan O'Connell,Aidan,O'Connell,12,QB,00-0038579,4260394,3,"https://static.www.nfl.com/image/upload/f_auto,q_auto/league/bcejxo7ofgk5pszhup12",4
2026,NYG,QB,ACT,Jake Haener,Jake,Haener,13,QB,00-0038998,4243322,3,"https://static.www.nfl.com/image/upload/f_auto,q_auto/league/jfxyp1qkekty7jwh5kcr",4
2026,LA,QB,ACT,Stetson Bennett,Stetson,Bennett,13,QB,00-0039107,4259553,3,"https://static.www.nfl.com/image/upload/f_auto,q_auto/league/s0eo3fstv6rkitzbefzu",4
2026,CAR,QB,ACT,Bryce Young,Bryce,Young,9,QB,00-0039150,4685720,3,"https://static.www.nfl.com/image/upload/f_auto,q_auto/league/vcvhmxvxw2a3armle0af",4
2026,NYJ,QB,DEV,Will Levis,Will,Levis,4,QB,00-0039152,4361418,3,"https://static.www.nfl.com/image/upload/f_auto,q_auto/league/npovrxpll0gqlkptsn6r",4
2026,HOU,QB,ACT,C.J. Stroud,Coleridge,Stroud,7,QB,00-0039163,4432577,3,"https://static.www.nfl.com/image/upload/f_auto,q_auto/league/tt4zrtxlhifaljhj0rn7",4
2026,IND,QB,ACT,Anthony Richardson,Anthony,Richardson,5,QB,00-0039164,4429084,3,"https://static.www.nfl.com/image/upload/f_auto,q_auto/league/wrddeyklfcgk9qybgofq",4
2026,NO,QB,ACT,Spencer Rattler,Spencer,Rattler,2,QB,00-0039376,4426339,2,"https://static.www.nfl.com/image/upload/f_auto,q_auto/league/gcgmcf4kex3jsl4rlrng",4
2026,DAL,QB,DEV,Joe Milton III,Joe,Milton,10,QB,00-0039398,4360698,2,"https://static.www.nfl.com/image/upload/f_auto,q_auto/league/tsj9lobse1gxzanf39dt",4
2026,GB,QB,DEV,Kedon Slovis,Kedon,Slovis,17,QB,00-0039577,4428512,2,"https://static.www.nfl.com/image/upload/f_auto,q_auto/league/hkvrcpwl9tm41jr3b0x3",4
2026,WAS,QB,DEV,Sam Hartman,Sam,Hartman,15,QB,00-0039677,4361994,2,"https://static.www.nfl.com/image/upload/f_auto,q_auto/league/mvpbrqp3o04zla5lzf7u",4
2026,DEN,QB,ACT,Bo Nix,Bo,Nix,10,QB,00-0039732,4426338,2,"https://static.www.nfl.com/image/upload/f_auto,q_auto/league/zvo9xatffmqn9lnukpgk",4
2026,NE,QB,ACT,Drake Maye,Drake,Maye,10,QB,00-0039851,4431452,2,"https://static.www.nfl.com/image/upload/f_auto,q_auto/league/s1nmoon2xnrc3bnyulv4",4
2026,WAS,QB,INA,Jayden Daniels,Jayden,Daniels,5,QB,00-0039910,4426348,2,"https://static.www.nfl.com/image/upload/f_auto,q_auto/league/gfz8k5onuqjrche9ogqc",4
2026,ATL,QB,ACT,Michael Penix Jr.,Michael,Penix,9,QB,00-0039917,4360423,2,"https://static.www.nfl.com/image/upload/f_auto,q_auto/league/mip4kogkqxwkkya6mvmh",4
2026,CHI,QB,INA,Caleb Williams,Caleb,Williams,18,QB,00-0039918,4431611,2,"https://static.www.nfl.com/image/upload/f_auto,q_auto/league/h4qs11kutwiw7whekmyt",4
2026,NYG,QB,ACT,J.J. McCarthy,Jonathan,McCarthy,18,QB,00-0039923,4433970,2,"https://static.www.nfl.com/image/upload/f_auto,q_auto/league/omybnfokapjw6jwb5dd3",4
2026,MIA,QB,ACT,Kyle McCord,Kyle,McCord,14,QB,00-0040014,4433971,1,"https://static.www.nfl.com/image/upload/f_auto,q_auto/league/smdh2mmu457aammcblth",4
2026,PIT,QB,INA,Will Howard,Will,Howard,18,QB,00-0040203,4429955,1,"https://static.www.nfl.com/image/upload/f_auto,q_auto/league/wzt7xj9ownxfit5igpcd",4
2026,IND,QB,INA,Riley Leonard,Riley,Leonard,15,QB,00-0040206,4683423,1,"https://static.www.nfl.com/image/upload/f_auto,q_auto/league/okxcrf19ylc0hwfefmwl",4
2026,HOU,QB,RES,Graham Mertz,Graham,Mertz,18,QB,00-0040211,4426335,1,"https://static.www.nfl.com/image/upload/f_auto,q_auto/league/v5l7nuj0z669orqxga16",4
2026,JAX,QB,ACT,Quinn Ewers,Quinn,Ewers,10,QB,00-0040234,4889929,1,"https://static.www.nfl.com/image/upload/f_auto,q_auto/league/bbcwyjuhyijtqe7jo274",4
2026,MIA,QB,INA,Brady Cook,Brady,Cook,15,QB,00-0040398,4429435,1,"https://static.www.nfl.com/image/upload/f_auto,q_auto/league/sk8u7zzg7e3t4vu7xesg",4
2026,LAC,QB,INA,DJ Uiagalelei,David,Uiagalelei,7,QB,00-0040464,4429020,1,"https://static.www.nfl.com/image/upload/f_auto,q_auto/league/uxkbvrw5eu41udzsesnu",4
2026,MIN,QB,INA,Max Brosmer,Max,Brosmer,12,QB,00-0040494,4573398,1,"https://static.www.nfl.com/image/upload/f_auto,q_auto/league/fpveluufmy7buwrhpiny",4
2026,SF,QB,INA,Kurtis Rourke,Kurtis,Rourke,14,QB,00-0040589,4430431,1,"https://static.www.nfl.com/image/upload/f_auto,q_auto/league/rq4swf5c2ar45ljuc0w2",4
2026,CLE,QB,ACT,Shedeur Sanders,Shedeur,Sanders,2,QB,00-0040668,4432762,1,"https://static.www.nfl.com/image/upload/f_auto,q_auto/league/joe08hz6to2madpko8zl",4
2026,SEA,QB,INA,Jalen Milroe,Jalen,Milroe,6,QB,00-0040673,4432734,1,"https://static.www.nfl.com/image/upload/f_auto,q_auto/league/hohqoqpdyquxn1sr1fm2",4
2026,TEN,QB,ACT,Cam Ward,Cameron,Ward,1,QB,00-0040676,4688380,1,"https://static.www.nfl.com/image/upload/f_auto,q_auto/league/l7switu6stlwd2irm8yo",4
2026,NYG,QB,RES,Jaxson Dart,Jaxson,Dart,6,QB,00-0040691,4689114,1,"https://static.www.nfl.com/image/upload/f_auto,q_auto/league/n6uymxssgiicjmxkzxoc",4
2026,CLE,QB,RES,Dillon Gabriel,Dillon,Gabriel,6,QB,00-0040704,4427238,1,"https://static.www.nfl.com/image/upload/f_auto,q_auto/league/szpyvusef9jvoctbnkbk",4
2026,NO,QB,ACT,Tyler Shough,Tyler,Shough,6,QB,00-0040743,4360689,1,"https://static.www.nfl.com/image/upload/f_auto,q_auto/league/toiafc7qighw86geo7jf",4
2026,PHI,QB,INA,Cole Payton,Cole,Payton,18,QB,00-0040891,4879250,0,"https://static.www.nfl.com/image/upload/f_auto,q_auto/league/qt8hajjwkvpynr8nwepz",4
2026,KC,QB,INA,Garrett Nussmeier,Garrett,Nussmeier,19,QB,00-0040906,4567747,0,"https://static.www.nfl.com/image/upload/f_auto,q_auto/league/uyidfkzfhuqaks3pmdeo",4
2026,BAL,QB,INA,Joe Fagnano,Joe,Fagnano,12,QB,00-0040981,4429582,0,"https://static.www.nfl.com/image/upload/f_auto,q_auto/league/p8uqfsnpx153mn3gjtd3",4
2026,NYJ,QB,ACT,Cade Klubnik,Cade,Klubnik,10,QB,00-0041056,4685413,0,"https://static.www.nfl.com/image/upload/f_auto,q_auto/league/sqsxavkryojbysy4kq85",4
2026,CLE,QB,INA,Taylen Green,Taylen,Green,15,QB,00-0041092,4431325,0,"https://static.www.nfl.com/image/upload/f_auto,q_auto/league/ybylky9uitivzresfzt3",4
2026,WAS,QB,ACT,Athan Kaliakmanis,Athan,Kaliakmanis,16,QB,00-0041117,4432722,0,"https://static.www.nfl.com/image/upload/f_auto,q_auto/league/ahtbv63jyg8ampmyrxn9",4
2026,NE,QB,INA,Behren Morton,Behren,Morton,15,QB,00-0041123,4431465,0,"https://static.www.nfl.com/image/upload/f_auto,q_auto/league/st5s1urflg14hwvx8uzl",4
2026,CAR,QB,INA,Haynes King,Haynes,King,16,QB,00-0041149,4428993,0,"https://static.www.nfl.com/image/upload/f_auto,q_auto/league/qcloyq4ahyh0hfzo6i0i",4
2026,CHI,QB,DEV,Miller Moss,Miller,Moss,16,QB,00-0041172,,0,"https://static.www.nfl.com/image/upload/f_auto,q_auto/league/p86kdskm2q45zetkrx03",4
2026,ATL,QB,ACT,Jack Strand,Jack,Strand,18,QB,00-0041194,5344782,0,"https://static.www.nfl.com/image/upload/f_auto,q_auto/league/oadw9h9otuauaiv1vxvz",4
2026,JAX,QB,DEV,Joey Aguilar,Joey,Aguilar,17,QB,00-0041203,,0,"https://static.www.nfl.com/image/upload/f_auto,q_auto/league/ftafwh4qrzhpxp8kq0ca",4
2026,TB,QB,ACT,Jalon Daniels,Jalon,Daniels,10,QB,00-0041251,4596472,0,"https://static.www.nfl.com/image/upload/f_auto,q_auto/league/hwhfl6i5drktwjvslfpn",4
2026,LA,QB,RES,Matthew Caldwell,Matthew,Caldwell,16,QB,00-0041414,,0,,4
2026,DET,QB,DEV,Luke Altmyer,Luke,Altmyer,15,QB,00-0041453,4597679,0,"https://static.www.nfl.com/image/upload/f_auto,q_auto/league/eriopmdwcfjude1cptvi",4
2026,ARI,QB,INA,Carson Beck,Carson,Beck,19,QB,00-0041561,4430841,0,"https://static.www.nfl.com/image/upload/f_auto,q_auto/league/yvybqpgnezk75h9rpobv",4
2026,LV,QB,ACT,Fernando Mendoza,Fernando,Mendoza,15,QB,00-0041562,4837248,0,"https://static.www.nfl.com/image/upload/f_auto,q_auto/league/umygvel2pumkyvxt3jm9",4
2026,PIT,QB,INA,Drew Allar,Drew,Allar,16,QB,00-0041565,4714771,0,"https://static.www.nfl.com/image/upload/f_auto,q_auto/league/sphuqnfrtzwsgeugeycz",4
2026,LA,QB,INA,Ty Simpson,Tyler,Simpson,15,QB,00-0041568,4685522,0,"https://static.www.nfl.com/image/upload/f_auto,q_auto/league/lbvqgmsidrpxh1jyyey6",4
