feature,used_by,source,Q1_source,Q2_available,Q3_target_game,Q4_future_aggregate,Q5_injury_hindsight,Q6_market_timestamp,Q7_ranking_hindsight,Q8_future_opponent,Q9_preprocessing,Q10_normalisation,caveat,verdict
a_qb_changed,D gbm,qb,passer ids and dropback EPA from play-by-play (stage 4),games before the freeze; expected starter = the team's most recent starter,No: a quarterback who first appears after the freeze cannot be the expected starter (test qb_features_ignore_post_kickoff_quarterback_knowledge).,No.,No pregame depth charts or injury reports exist historically; none are used. Live status reports stamped at/after kickoff are refused by the engine (tests.js).,n/a,n/a,"Past-season QB games are adjusted with that season's final defence ratings, which are complete before the target season.",QB shrinkage from 2009-2013; same-starter rate from 2012-2015.,n/a,,CLEAN
a_qb_exp_db_log,D gbm,qb,passer ids and dropback EPA from play-by-play (stage 4),games before the freeze; expected starter = the team's most recent starter,No: a quarterback who first appears after the freeze cannot be the expected starter (test qb_features_ignore_post_kickoff_quarterback_knowledge).,No.,No pregame depth charts or injury reports exist historically; none are used. Live status reports stamped at/after kickoff are refused by the engine (tests.js).,n/a,n/a,"Past-season QB games are adjusted with that season's final defence ratings, which are complete before the target season.",QB shrinkage from 2009-2013; same-starter rate from 2012-2015.,n/a,,CLEAN
abs_pred,error model,derived (error model),error-model input derived from the rows above; fills learned at fit time,error-model input derived from the rows above; fills learned at fit time,error-model input derived from the rows above; fills learned at fit time,error-model input derived from the rows above; fills learned at fit time,error-model input derived from the rows above; fills learned at fit time,error-model input derived from the rows above; fills learned at fit time,error-model input derived from the rows above; fills learned at fit time,error-model input derived from the rows above; fills learned at fit time,error-model input derived from the rows above; fills learned at fit time,error-model input derived from the rows above; fills learned at fit time,,CLEAN (fills fixed)
altitude_kft,C ridge,schedule,"published schedule (neutral site, kickoff, conference game, postseason) and static venue geography",known before the game (schedules are published months ahead; venues are static),No.,No.,n/a,n/a,n/a,n/a,n/a,n/a,The archived schedule is the FINAL schedule: a game moved at short notice carries its actual kickoff. Effect on rest days only; measured by ablation.,CLEAN
conference_game_f,C ridge,schedule,"published schedule (neutral site, kickoff, conference game, postseason) and static venue geography",known before the game (schedules are published months ahead; venues are static),No.,No.,n/a,n/a,n/a,n/a,n/a,n/a,The archived schedule is the FINAL schedule: a game moved at short notice carries its actual kickoff. Effect on rest days only; measured by ablation.,CLEAN
drive_margin_raw,E drive,ratings,sportsdataverse espn_cfb_pbp play-by-play -> stage-1 team-game efficiency -> stage-3 joint opponent-adjusted Bayesian ridge ratings,plays of games that kicked off BEFORE the Tuesday 12:00 UTC freeze of the target game's week (asserted in build_ratings: obs.kickoff_ts < T; artifact test counts only prior games),"No. The target game kicks off after its freeze, so none of its plays exist at T. tests_poison (all 841 features bit-identical before the cutoff when every later game/season is randomised)",No. Ratings are re-solved at every freeze from games before it; never a season total. tests_poison (all 841 features bit-identical before the cutoff when every later game/season is randomised),Not applicable (no injury or depth data enters).,Not applicable. The provider's win-probability and spread columns are excluded at read time (FORBIDDEN_PBP_COLUMNS; test pbp_never_reads_market_or_wp_columns).,Not applicable (no rankings).,No. Opponent ratings are solved jointly at the same freeze from the same past games. tests_poison (all 841 features bit-identical before the cutoff when every later game/season is randomised),Variance components from the 2009-2011 burn-in only; metric scales (standardisation of edges) from data-only finals of the three seasons BEFORE the target season.,No: metric_scales(S) reads seasons S-3..S-1 only.,"EPA values come from the provider's fixed expected-points model, fitted by the provider on historical seasons that overlap the development window. It is a value function of down, distance and field position (not of any game's outcome), but it is hindsight about how football is valued. Cannot be removed without a re-fitted EP model; disclosed.",CLEAN (proved end-to-end by the poisoning test)
early_season,error model,derived (error model),error-model input derived from the rows above; fills learned at fit time,error-model input derived from the rows above; fills learned at fit time,error-model input derived from the rows above; fills learned at fit time,error-model input derived from the rows above; fills learned at fit time,error-model input derived from the rows above; fills learned at fit time,error-model input derived from the rows above; fills learned at fit time,error-model input derived from the rows above; fills learned at fit time,error-model input derived from the rows above; fills learned at fit time,error-model input derived from the rows above; fills learned at fit time,error-model input derived from the rows above; fills learned at fit time,,CLEAN (fills fixed)
edge_epa,"C ridge, D gbm",ratings,sportsdataverse espn_cfb_pbp play-by-play -> stage-1 team-game efficiency -> stage-3 joint opponent-adjusted Bayesian ridge ratings,plays of games that kicked off BEFORE the Tuesday 12:00 UTC freeze of the target game's week (asserted in build_ratings: obs.kickoff_ts < T; artifact test counts only prior games),"No. The target game kicks off after its freeze, so none of its plays exist at T. tests_poison (all 841 features bit-identical before the cutoff when every later game/season is randomised)",No. Ratings are re-solved at every freeze from games before it; never a season total. tests_poison (all 841 features bit-identical before the cutoff when every later game/season is randomised),Not applicable (no injury or depth data enters).,Not applicable. The provider's win-probability and spread columns are excluded at read time (FORBIDDEN_PBP_COLUMNS; test pbp_never_reads_market_or_wp_columns).,Not applicable (no rankings).,No. Opponent ratings are solved jointly at the same freeze from the same past games. tests_poison (all 841 features bit-identical before the cutoff when every later game/season is randomised),Variance components from the 2009-2011 burn-in only; metric scales (standardisation of edges) from data-only finals of the three seasons BEFORE the target season.,No: metric_scales(S) reads seasons S-3..S-1 only.,"EPA values come from the provider's fixed expected-points model, fitted by the provider on historical seasons that overlap the development window. It is a value function of down, distance and field position (not of any game's outcome), but it is hindsight about how football is valued. Cannot be removed without a re-fitted EP model; disclosed.",CLEAN (proved end-to-end by the poisoning test)
edge_epa_pass,"C ridge, D gbm",ratings,sportsdataverse espn_cfb_pbp play-by-play -> stage-1 team-game efficiency -> stage-3 joint opponent-adjusted Bayesian ridge ratings,plays of games that kicked off BEFORE the Tuesday 12:00 UTC freeze of the target game's week (asserted in build_ratings: obs.kickoff_ts < T; artifact test counts only prior games),"No. The target game kicks off after its freeze, so none of its plays exist at T. tests_poison (all 841 features bit-identical before the cutoff when every later game/season is randomised)",No. Ratings are re-solved at every freeze from games before it; never a season total. tests_poison (all 841 features bit-identical before the cutoff when every later game/season is randomised),Not applicable (no injury or depth data enters).,Not applicable. The provider's win-probability and spread columns are excluded at read time (FORBIDDEN_PBP_COLUMNS; test pbp_never_reads_market_or_wp_columns).,Not applicable (no rankings).,No. Opponent ratings are solved jointly at the same freeze from the same past games. tests_poison (all 841 features bit-identical before the cutoff when every later game/season is randomised),Variance components from the 2009-2011 burn-in only; metric scales (standardisation of edges) from data-only finals of the three seasons BEFORE the target season.,No: metric_scales(S) reads seasons S-3..S-1 only.,"EPA values come from the provider's fixed expected-points model, fitted by the provider on historical seasons that overlap the development window. It is a value function of down, distance and field position (not of any game's outcome), but it is hindsight about how football is valued. Cannot be removed without a re-fitted EP model; disclosed.",CLEAN (proved end-to-end by the poisoning test)
edge_epa_rush,"C ridge, D gbm",ratings,sportsdataverse espn_cfb_pbp play-by-play -> stage-1 team-game efficiency -> stage-3 joint opponent-adjusted Bayesian ridge ratings,plays of games that kicked off BEFORE the Tuesday 12:00 UTC freeze of the target game's week (asserted in build_ratings: obs.kickoff_ts < T; artifact test counts only prior games),"No. The target game kicks off after its freeze, so none of its plays exist at T. tests_poison (all 841 features bit-identical before the cutoff when every later game/season is randomised)",No. Ratings are re-solved at every freeze from games before it; never a season total. tests_poison (all 841 features bit-identical before the cutoff when every later game/season is randomised),Not applicable (no injury or depth data enters).,Not applicable. The provider's win-probability and spread columns are excluded at read time (FORBIDDEN_PBP_COLUMNS; test pbp_never_reads_market_or_wp_columns).,Not applicable (no rankings).,No. Opponent ratings are solved jointly at the same freeze from the same past games. tests_poison (all 841 features bit-identical before the cutoff when every later game/season is randomised),Variance components from the 2009-2011 burn-in only; metric scales (standardisation of edges) from data-only finals of the three seasons BEFORE the target season.,No: metric_scales(S) reads seasons S-3..S-1 only.,"EPA values come from the provider's fixed expected-points model, fitted by the provider on historical seasons that overlap the development window. It is a value function of down, distance and field position (not of any game's outcome), but it is hindsight about how football is valued. Cannot be removed without a re-fitted EP model; disclosed.",CLEAN (proved end-to-end by the poisoning test)
edge_expl,"C ridge, D gbm",ratings,sportsdataverse espn_cfb_pbp play-by-play -> stage-1 team-game efficiency -> stage-3 joint opponent-adjusted Bayesian ridge ratings,plays of games that kicked off BEFORE the Tuesday 12:00 UTC freeze of the target game's week (asserted in build_ratings: obs.kickoff_ts < T; artifact test counts only prior games),"No. The target game kicks off after its freeze, so none of its plays exist at T. tests_poison (all 841 features bit-identical before the cutoff when every later game/season is randomised)",No. Ratings are re-solved at every freeze from games before it; never a season total. tests_poison (all 841 features bit-identical before the cutoff when every later game/season is randomised),Not applicable (no injury or depth data enters).,Not applicable. The provider's win-probability and spread columns are excluded at read time (FORBIDDEN_PBP_COLUMNS; test pbp_never_reads_market_or_wp_columns).,Not applicable (no rankings).,No. Opponent ratings are solved jointly at the same freeze from the same past games. tests_poison (all 841 features bit-identical before the cutoff when every later game/season is randomised),Variance components from the 2009-2011 burn-in only; metric scales (standardisation of edges) from data-only finals of the three seasons BEFORE the target season.,No: metric_scales(S) reads seasons S-3..S-1 only.,"EPA values come from the provider's fixed expected-points model, fitted by the provider on historical seasons that overlap the development window. It is a value function of down, distance and field position (not of any game's outcome), but it is hindsight about how football is valued. Cannot be removed without a re-fitted EP model; disclosed.",CLEAN (proved end-to-end by the poisoning test)
edge_expl_pass,"C ridge, D gbm",ratings,sportsdataverse espn_cfb_pbp play-by-play -> stage-1 team-game efficiency -> stage-3 joint opponent-adjusted Bayesian ridge ratings,plays of games that kicked off BEFORE the Tuesday 12:00 UTC freeze of the target game's week (asserted in build_ratings: obs.kickoff_ts < T; artifact test counts only prior games),"No. The target game kicks off after its freeze, so none of its plays exist at T. tests_poison (all 841 features bit-identical before the cutoff when every later game/season is randomised)",No. Ratings are re-solved at every freeze from games before it; never a season total. tests_poison (all 841 features bit-identical before the cutoff when every later game/season is randomised),Not applicable (no injury or depth data enters).,Not applicable. The provider's win-probability and spread columns are excluded at read time (FORBIDDEN_PBP_COLUMNS; test pbp_never_reads_market_or_wp_columns).,Not applicable (no rankings).,No. Opponent ratings are solved jointly at the same freeze from the same past games. tests_poison (all 841 features bit-identical before the cutoff when every later game/season is randomised),Variance components from the 2009-2011 burn-in only; metric scales (standardisation of edges) from data-only finals of the three seasons BEFORE the target season.,No: metric_scales(S) reads seasons S-3..S-1 only.,"EPA values come from the provider's fixed expected-points model, fitted by the provider on historical seasons that overlap the development window. It is a value function of down, distance and field position (not of any game's outcome), but it is hindsight about how football is valued. Cannot be removed without a re-fitted EP model; disclosed.",CLEAN (proved end-to-end by the poisoning test)
edge_expl_rush,"C ridge, D gbm",ratings,sportsdataverse espn_cfb_pbp play-by-play -> stage-1 team-game efficiency -> stage-3 joint opponent-adjusted Bayesian ridge ratings,plays of games that kicked off BEFORE the Tuesday 12:00 UTC freeze of the target game's week (asserted in build_ratings: obs.kickoff_ts < T; artifact test counts only prior games),"No. The target game kicks off after its freeze, so none of its plays exist at T. tests_poison (all 841 features bit-identical before the cutoff when every later game/season is randomised)",No. Ratings are re-solved at every freeze from games before it; never a season total. tests_poison (all 841 features bit-identical before the cutoff when every later game/season is randomised),Not applicable (no injury or depth data enters).,Not applicable. The provider's win-probability and spread columns are excluded at read time (FORBIDDEN_PBP_COLUMNS; test pbp_never_reads_market_or_wp_columns).,Not applicable (no rankings).,No. Opponent ratings are solved jointly at the same freeze from the same past games. tests_poison (all 841 features bit-identical before the cutoff when every later game/season is randomised),Variance components from the 2009-2011 burn-in only; metric scales (standardisation of edges) from data-only finals of the three seasons BEFORE the target season.,No: metric_scales(S) reads seasons S-3..S-1 only.,"EPA values come from the provider's fixed expected-points model, fitted by the provider on historical seasons that overlap the development window. It is a value function of down, distance and field position (not of any game's outcome), but it is hindsight about how football is valued. Cannot be removed without a re-fitted EP model; disclosed.",CLEAN (proved end-to-end by the poisoning test)
edge_fg_value,D gbm,ratings,sportsdataverse espn_cfb_pbp play-by-play -> stage-1 team-game efficiency -> stage-3 joint opponent-adjusted Bayesian ridge ratings,plays of games that kicked off BEFORE the Tuesday 12:00 UTC freeze of the target game's week (asserted in build_ratings: obs.kickoff_ts < T; artifact test counts only prior games),"No. The target game kicks off after its freeze, so none of its plays exist at T. tests_poison (all 841 features bit-identical before the cutoff when every later game/season is randomised)",No. Ratings are re-solved at every freeze from games before it; never a season total. tests_poison (all 841 features bit-identical before the cutoff when every later game/season is randomised),Not applicable (no injury or depth data enters).,Not applicable. The provider's win-probability and spread columns are excluded at read time (FORBIDDEN_PBP_COLUMNS; test pbp_never_reads_market_or_wp_columns).,Not applicable (no rankings).,No. Opponent ratings are solved jointly at the same freeze from the same past games. tests_poison (all 841 features bit-identical before the cutoff when every later game/season is randomised),Variance components from the 2009-2011 burn-in only; metric scales (standardisation of edges) from data-only finals of the three seasons BEFORE the target season.,No: metric_scales(S) reads seasons S-3..S-1 only.,"EPA values come from the provider's fixed expected-points model, fitted by the provider on historical seasons that overlap the development window. It is a value function of down, distance and field position (not of any game's outcome), but it is hindsight about how football is valued. Cannot be removed without a re-fitted EP model; disclosed.",CLEAN (proved end-to-end by the poisoning test)
edge_havoc,C ridge,ratings,sportsdataverse espn_cfb_pbp play-by-play -> stage-1 team-game efficiency -> stage-3 joint opponent-adjusted Bayesian ridge ratings,plays of games that kicked off BEFORE the Tuesday 12:00 UTC freeze of the target game's week (asserted in build_ratings: obs.kickoff_ts < T; artifact test counts only prior games),"No. The target game kicks off after its freeze, so none of its plays exist at T. tests_poison (all 841 features bit-identical before the cutoff when every later game/season is randomised)",No. Ratings are re-solved at every freeze from games before it; never a season total. tests_poison (all 841 features bit-identical before the cutoff when every later game/season is randomised),Not applicable (no injury or depth data enters).,Not applicable. The provider's win-probability and spread columns are excluded at read time (FORBIDDEN_PBP_COLUMNS; test pbp_never_reads_market_or_wp_columns).,Not applicable (no rankings).,No. Opponent ratings are solved jointly at the same freeze from the same past games. tests_poison (all 841 features bit-identical before the cutoff when every later game/season is randomised),Variance components from the 2009-2011 burn-in only; metric scales (standardisation of edges) from data-only finals of the three seasons BEFORE the target season.,No: metric_scales(S) reads seasons S-3..S-1 only.,"EPA values come from the provider's fixed expected-points model, fitted by the provider on historical seasons that overlap the development window. It is a value function of down, distance and field position (not of any game's outcome), but it is hindsight about how football is valued. Cannot be removed without a re-fitted EP model; disclosed.",CLEAN (proved end-to-end by the poisoning test)
edge_line_yds,C ridge,ratings,sportsdataverse espn_cfb_pbp play-by-play -> stage-1 team-game efficiency -> stage-3 joint opponent-adjusted Bayesian ridge ratings,plays of games that kicked off BEFORE the Tuesday 12:00 UTC freeze of the target game's week (asserted in build_ratings: obs.kickoff_ts < T; artifact test counts only prior games),"No. The target game kicks off after its freeze, so none of its plays exist at T. tests_poison (all 841 features bit-identical before the cutoff when every later game/season is randomised)",No. Ratings are re-solved at every freeze from games before it; never a season total. tests_poison (all 841 features bit-identical before the cutoff when every later game/season is randomised),Not applicable (no injury or depth data enters).,Not applicable. The provider's win-probability and spread columns are excluded at read time (FORBIDDEN_PBP_COLUMNS; test pbp_never_reads_market_or_wp_columns).,Not applicable (no rankings).,No. Opponent ratings are solved jointly at the same freeze from the same past games. tests_poison (all 841 features bit-identical before the cutoff when every later game/season is randomised),Variance components from the 2009-2011 burn-in only; metric scales (standardisation of edges) from data-only finals of the three seasons BEFORE the target season.,No: metric_scales(S) reads seasons S-3..S-1 only.,"EPA values come from the provider's fixed expected-points model, fitted by the provider on historical seasons that overlap the development window. It is a value function of down, distance and field position (not of any game's outcome), but it is hindsight about how football is valued. Cannot be removed without a re-fitted EP model; disclosed.",CLEAN (proved end-to-end by the poisoning test)
edge_opp_rate,C ridge,ratings,sportsdataverse espn_cfb_pbp play-by-play -> stage-1 team-game efficiency -> stage-3 joint opponent-adjusted Bayesian ridge ratings,plays of games that kicked off BEFORE the Tuesday 12:00 UTC freeze of the target game's week (asserted in build_ratings: obs.kickoff_ts < T; artifact test counts only prior games),"No. The target game kicks off after its freeze, so none of its plays exist at T. tests_poison (all 841 features bit-identical before the cutoff when every later game/season is randomised)",No. Ratings are re-solved at every freeze from games before it; never a season total. tests_poison (all 841 features bit-identical before the cutoff when every later game/season is randomised),Not applicable (no injury or depth data enters).,Not applicable. The provider's win-probability and spread columns are excluded at read time (FORBIDDEN_PBP_COLUMNS; test pbp_never_reads_market_or_wp_columns).,Not applicable (no rankings).,No. Opponent ratings are solved jointly at the same freeze from the same past games. tests_poison (all 841 features bit-identical before the cutoff when every later game/season is randomised),Variance components from the 2009-2011 burn-in only; metric scales (standardisation of edges) from data-only finals of the three seasons BEFORE the target season.,No: metric_scales(S) reads seasons S-3..S-1 only.,"EPA values come from the provider's fixed expected-points model, fitted by the provider on historical seasons that overlap the development window. It is a value function of down, distance and field position (not of any game's outcome), but it is hindsight about how football is valued. Cannot be removed without a re-fitted EP model; disclosed.",CLEAN (proved end-to-end by the poisoning test)
edge_prior_epa,"C ridge, D gbm",priors,"preseason prior per team and metric: ridge on last season's and the season before's data-only ratings, CFBD returning production, 247 team talent composite, head-coach/coordinator continuity",before the season: lagged ratings end with the previous season's bowls; the other inputs are preseason releases,No.,No: the prior model trains on target seasons strictly before S.,"Coaching continuity checked for hindsight: mid-season firings (Helton 2021, Frost 2022, Edwards 2022, Franklin 2025, Pry 2025) still show the PRESEASON coach for every week, so the field is preseason state. The same pack's qb_name field IS hindsight (Penn State 2025 lists the late-season starter from week 1) and is not used.",n/a,n/a (no poll or ranking input),No.,Prior model and its variance fitted on seasons < S.,Talent z-scored within its own season.,The talent composite's exact publication date is not in the feed; roster composition can drift during a season. Measured instead of assumed: the talent ablation (phase 7) bounds how much it could matter.,CLEAN (timestamps of third-party preseason releases unverifiable; measured by ablation)
edge_prior_epa_pass,"C ridge, D gbm",priors,"preseason prior per team and metric: ridge on last season's and the season before's data-only ratings, CFBD returning production, 247 team talent composite, head-coach/coordinator continuity",before the season: lagged ratings end with the previous season's bowls; the other inputs are preseason releases,No.,No: the prior model trains on target seasons strictly before S.,"Coaching continuity checked for hindsight: mid-season firings (Helton 2021, Frost 2022, Edwards 2022, Franklin 2025, Pry 2025) still show the PRESEASON coach for every week, so the field is preseason state. The same pack's qb_name field IS hindsight (Penn State 2025 lists the late-season starter from week 1) and is not used.",n/a,n/a (no poll or ranking input),No.,Prior model and its variance fitted on seasons < S.,Talent z-scored within its own season.,The talent composite's exact publication date is not in the feed; roster composition can drift during a season. Measured instead of assumed: the talent ablation (phase 7) bounds how much it could matter.,CLEAN (timestamps of third-party preseason releases unverifiable; measured by ablation)
edge_prior_epa_rush,"C ridge, D gbm",priors,"preseason prior per team and metric: ridge on last season's and the season before's data-only ratings, CFBD returning production, 247 team talent composite, head-coach/coordinator continuity",before the season: lagged ratings end with the previous season's bowls; the other inputs are preseason releases,No.,No: the prior model trains on target seasons strictly before S.,"Coaching continuity checked for hindsight: mid-season firings (Helton 2021, Frost 2022, Edwards 2022, Franklin 2025, Pry 2025) still show the PRESEASON coach for every week, so the field is preseason state. The same pack's qb_name field IS hindsight (Penn State 2025 lists the late-season starter from week 1) and is not used.",n/a,n/a (no poll or ranking input),No.,Prior model and its variance fitted on seasons < S.,Talent z-scored within its own season.,The talent composite's exact publication date is not in the feed; roster composition can drift during a season. Measured instead of assumed: the talent ablation (phase 7) bounds how much it could matter.,CLEAN (timestamps of third-party preseason releases unverifiable; measured by ablation)
edge_prior_ppd,"C ridge, D gbm",priors,"preseason prior per team and metric: ridge on last season's and the season before's data-only ratings, CFBD returning production, 247 team talent composite, head-coach/coordinator continuity",before the season: lagged ratings end with the previous season's bowls; the other inputs are preseason releases,No.,No: the prior model trains on target seasons strictly before S.,"Coaching continuity checked for hindsight: mid-season firings (Helton 2021, Frost 2022, Edwards 2022, Franklin 2025, Pry 2025) still show the PRESEASON coach for every week, so the field is preseason state. The same pack's qb_name field IS hindsight (Penn State 2025 lists the late-season starter from week 1) and is not used.",n/a,n/a (no poll or ranking input),No.,Prior model and its variance fitted on seasons < S.,Talent z-scored within its own season.,The talent composite's exact publication date is not in the feed; roster composition can drift during a season. Measured instead of assumed: the talent ablation (phase 7) bounds how much it could matter.,CLEAN (timestamps of third-party preseason releases unverifiable; measured by ablation)
edge_prior_sr,"C ridge, D gbm",priors,"preseason prior per team and metric: ridge on last season's and the season before's data-only ratings, CFBD returning production, 247 team talent composite, head-coach/coordinator continuity",before the season: lagged ratings end with the previous season's bowls; the other inputs are preseason releases,No.,No: the prior model trains on target seasons strictly before S.,"Coaching continuity checked for hindsight: mid-season firings (Helton 2021, Frost 2022, Edwards 2022, Franklin 2025, Pry 2025) still show the PRESEASON coach for every week, so the field is preseason state. The same pack's qb_name field IS hindsight (Penn State 2025 lists the late-season starter from week 1) and is not used.",n/a,n/a (no poll or ranking input),No.,Prior model and its variance fitted on seasons < S.,Talent z-scored within its own season.,The talent composite's exact publication date is not in the feed; roster composition can drift during a season. Measured instead of assumed: the talent ablation (phase 7) bounds how much it could matter.,CLEAN (timestamps of third-party preseason releases unverifiable; measured by ablation)
edge_rec_epa,"C ridge, D gbm",ratings,sportsdataverse espn_cfb_pbp play-by-play -> stage-1 team-game efficiency -> stage-3 joint opponent-adjusted Bayesian ridge ratings,plays of games that kicked off BEFORE the Tuesday 12:00 UTC freeze of the target game's week (asserted in build_ratings: obs.kickoff_ts < T; artifact test counts only prior games),"No. The target game kicks off after its freeze, so none of its plays exist at T. tests_poison (all 841 features bit-identical before the cutoff when every later game/season is randomised)",No. Ratings are re-solved at every freeze from games before it; never a season total. tests_poison (all 841 features bit-identical before the cutoff when every later game/season is randomised),Not applicable (no injury or depth data enters).,Not applicable. The provider's win-probability and spread columns are excluded at read time (FORBIDDEN_PBP_COLUMNS; test pbp_never_reads_market_or_wp_columns).,Not applicable (no rankings).,No. Opponent ratings are solved jointly at the same freeze from the same past games. tests_poison (all 841 features bit-identical before the cutoff when every later game/season is randomised),Variance components from the 2009-2011 burn-in only; metric scales (standardisation of edges) from data-only finals of the three seasons BEFORE the target season.,No: metric_scales(S) reads seasons S-3..S-1 only.,"EPA values come from the provider's fixed expected-points model, fitted by the provider on historical seasons that overlap the development window. It is a value function of down, distance and field position (not of any game's outcome), but it is hindsight about how football is valued. Cannot be removed without a re-fitted EP model; disclosed.",CLEAN (proved end-to-end by the poisoning test)
edge_rec_epa_pass,"C ridge, D gbm",ratings,sportsdataverse espn_cfb_pbp play-by-play -> stage-1 team-game efficiency -> stage-3 joint opponent-adjusted Bayesian ridge ratings,plays of games that kicked off BEFORE the Tuesday 12:00 UTC freeze of the target game's week (asserted in build_ratings: obs.kickoff_ts < T; artifact test counts only prior games),"No. The target game kicks off after its freeze, so none of its plays exist at T. tests_poison (all 841 features bit-identical before the cutoff when every later game/season is randomised)",No. Ratings are re-solved at every freeze from games before it; never a season total. tests_poison (all 841 features bit-identical before the cutoff when every later game/season is randomised),Not applicable (no injury or depth data enters).,Not applicable. The provider's win-probability and spread columns are excluded at read time (FORBIDDEN_PBP_COLUMNS; test pbp_never_reads_market_or_wp_columns).,Not applicable (no rankings).,No. Opponent ratings are solved jointly at the same freeze from the same past games. tests_poison (all 841 features bit-identical before the cutoff when every later game/season is randomised),Variance components from the 2009-2011 burn-in only; metric scales (standardisation of edges) from data-only finals of the three seasons BEFORE the target season.,No: metric_scales(S) reads seasons S-3..S-1 only.,"EPA values come from the provider's fixed expected-points model, fitted by the provider on historical seasons that overlap the development window. It is a value function of down, distance and field position (not of any game's outcome), but it is hindsight about how football is valued. Cannot be removed without a re-fitted EP model; disclosed.",CLEAN (proved end-to-end by the poisoning test)
edge_rec_epa_rush,"C ridge, D gbm",ratings,sportsdataverse espn_cfb_pbp play-by-play -> stage-1 team-game efficiency -> stage-3 joint opponent-adjusted Bayesian ridge ratings,plays of games that kicked off BEFORE the Tuesday 12:00 UTC freeze of the target game's week (asserted in build_ratings: obs.kickoff_ts < T; artifact test counts only prior games),"No. The target game kicks off after its freeze, so none of its plays exist at T. tests_poison (all 841 features bit-identical before the cutoff when every later game/season is randomised)",No. Ratings are re-solved at every freeze from games before it; never a season total. tests_poison (all 841 features bit-identical before the cutoff when every later game/season is randomised),Not applicable (no injury or depth data enters).,Not applicable. The provider's win-probability and spread columns are excluded at read time (FORBIDDEN_PBP_COLUMNS; test pbp_never_reads_market_or_wp_columns).,Not applicable (no rankings).,No. Opponent ratings are solved jointly at the same freeze from the same past games. tests_poison (all 841 features bit-identical before the cutoff when every later game/season is randomised),Variance components from the 2009-2011 burn-in only; metric scales (standardisation of edges) from data-only finals of the three seasons BEFORE the target season.,No: metric_scales(S) reads seasons S-3..S-1 only.,"EPA values come from the provider's fixed expected-points model, fitted by the provider on historical seasons that overlap the development window. It is a value function of down, distance and field position (not of any game's outcome), but it is hindsight about how football is valued. Cannot be removed without a re-fitted EP model; disclosed.",CLEAN (proved end-to-end by the poisoning test)
edge_rec_ppd,"C ridge, D gbm",ratings,sportsdataverse espn_cfb_pbp play-by-play -> stage-1 team-game efficiency -> stage-3 joint opponent-adjusted Bayesian ridge ratings,plays of games that kicked off BEFORE the Tuesday 12:00 UTC freeze of the target game's week (asserted in build_ratings: obs.kickoff_ts < T; artifact test counts only prior games),"No. The target game kicks off after its freeze, so none of its plays exist at T. tests_poison (all 841 features bit-identical before the cutoff when every later game/season is randomised)",No. Ratings are re-solved at every freeze from games before it; never a season total. tests_poison (all 841 features bit-identical before the cutoff when every later game/season is randomised),Not applicable (no injury or depth data enters).,Not applicable. The provider's win-probability and spread columns are excluded at read time (FORBIDDEN_PBP_COLUMNS; test pbp_never_reads_market_or_wp_columns).,Not applicable (no rankings).,No. Opponent ratings are solved jointly at the same freeze from the same past games. tests_poison (all 841 features bit-identical before the cutoff when every later game/season is randomised),Variance components from the 2009-2011 burn-in only; metric scales (standardisation of edges) from data-only finals of the three seasons BEFORE the target season.,No: metric_scales(S) reads seasons S-3..S-1 only.,"EPA values come from the provider's fixed expected-points model, fitted by the provider on historical seasons that overlap the development window. It is a value function of down, distance and field position (not of any game's outcome), but it is hindsight about how football is valued. Cannot be removed without a re-fitted EP model; disclosed.",CLEAN (proved end-to-end by the poisoning test)
edge_rec_sr,"C ridge, D gbm",ratings,sportsdataverse espn_cfb_pbp play-by-play -> stage-1 team-game efficiency -> stage-3 joint opponent-adjusted Bayesian ridge ratings,plays of games that kicked off BEFORE the Tuesday 12:00 UTC freeze of the target game's week (asserted in build_ratings: obs.kickoff_ts < T; artifact test counts only prior games),"No. The target game kicks off after its freeze, so none of its plays exist at T. tests_poison (all 841 features bit-identical before the cutoff when every later game/season is randomised)",No. Ratings are re-solved at every freeze from games before it; never a season total. tests_poison (all 841 features bit-identical before the cutoff when every later game/season is randomised),Not applicable (no injury or depth data enters).,Not applicable. The provider's win-probability and spread columns are excluded at read time (FORBIDDEN_PBP_COLUMNS; test pbp_never_reads_market_or_wp_columns).,Not applicable (no rankings).,No. Opponent ratings are solved jointly at the same freeze from the same past games. tests_poison (all 841 features bit-identical before the cutoff when every later game/season is randomised),Variance components from the 2009-2011 burn-in only; metric scales (standardisation of edges) from data-only finals of the three seasons BEFORE the target season.,No: metric_scales(S) reads seasons S-3..S-1 only.,"EPA values come from the provider's fixed expected-points model, fitted by the provider on historical seasons that overlap the development window. It is a value function of down, distance and field position (not of any game's outcome), but it is hindsight about how football is valued. Cannot be removed without a re-fitted EP model; disclosed.",CLEAN (proved end-to-end by the poisoning test)
edge_sack_rate,C ridge,ratings,sportsdataverse espn_cfb_pbp play-by-play -> stage-1 team-game efficiency -> stage-3 joint opponent-adjusted Bayesian ridge ratings,plays of games that kicked off BEFORE the Tuesday 12:00 UTC freeze of the target game's week (asserted in build_ratings: obs.kickoff_ts < T; artifact test counts only prior games),"No. The target game kicks off after its freeze, so none of its plays exist at T. tests_poison (all 841 features bit-identical before the cutoff when every later game/season is randomised)",No. Ratings are re-solved at every freeze from games before it; never a season total. tests_poison (all 841 features bit-identical before the cutoff when every later game/season is randomised),Not applicable (no injury or depth data enters).,Not applicable. The provider's win-probability and spread columns are excluded at read time (FORBIDDEN_PBP_COLUMNS; test pbp_never_reads_market_or_wp_columns).,Not applicable (no rankings).,No. Opponent ratings are solved jointly at the same freeze from the same past games. tests_poison (all 841 features bit-identical before the cutoff when every later game/season is randomised),Variance components from the 2009-2011 burn-in only; metric scales (standardisation of edges) from data-only finals of the three seasons BEFORE the target season.,No: metric_scales(S) reads seasons S-3..S-1 only.,"EPA values come from the provider's fixed expected-points model, fitted by the provider on historical seasons that overlap the development window. It is a value function of down, distance and field position (not of any game's outcome), but it is hindsight about how football is valued. Cannot be removed without a re-fitted EP model; disclosed.",CLEAN (proved end-to-end by the poisoning test)
edge_sr,"C ridge, D gbm",ratings,sportsdataverse espn_cfb_pbp play-by-play -> stage-1 team-game efficiency -> stage-3 joint opponent-adjusted Bayesian ridge ratings,plays of games that kicked off BEFORE the Tuesday 12:00 UTC freeze of the target game's week (asserted in build_ratings: obs.kickoff_ts < T; artifact test counts only prior games),"No. The target game kicks off after its freeze, so none of its plays exist at T. tests_poison (all 841 features bit-identical before the cutoff when every later game/season is randomised)",No. Ratings are re-solved at every freeze from games before it; never a season total. tests_poison (all 841 features bit-identical before the cutoff when every later game/season is randomised),Not applicable (no injury or depth data enters).,Not applicable. The provider's win-probability and spread columns are excluded at read time (FORBIDDEN_PBP_COLUMNS; test pbp_never_reads_market_or_wp_columns).,Not applicable (no rankings).,No. Opponent ratings are solved jointly at the same freeze from the same past games. tests_poison (all 841 features bit-identical before the cutoff when every later game/season is randomised),Variance components from the 2009-2011 burn-in only; metric scales (standardisation of edges) from data-only finals of the three seasons BEFORE the target season.,No: metric_scales(S) reads seasons S-3..S-1 only.,"EPA values come from the provider's fixed expected-points model, fitted by the provider on historical seasons that overlap the development window. It is a value function of down, distance and field position (not of any game's outcome), but it is hindsight about how football is valued. Cannot be removed without a re-fitted EP model; disclosed.",CLEAN (proved end-to-end by the poisoning test)
edge_sr_3rd,"C ridge, D gbm",ratings,sportsdataverse espn_cfb_pbp play-by-play -> stage-1 team-game efficiency -> stage-3 joint opponent-adjusted Bayesian ridge ratings,plays of games that kicked off BEFORE the Tuesday 12:00 UTC freeze of the target game's week (asserted in build_ratings: obs.kickoff_ts < T; artifact test counts only prior games),"No. The target game kicks off after its freeze, so none of its plays exist at T. tests_poison (all 841 features bit-identical before the cutoff when every later game/season is randomised)",No. Ratings are re-solved at every freeze from games before it; never a season total. tests_poison (all 841 features bit-identical before the cutoff when every later game/season is randomised),Not applicable (no injury or depth data enters).,Not applicable. The provider's win-probability and spread columns are excluded at read time (FORBIDDEN_PBP_COLUMNS; test pbp_never_reads_market_or_wp_columns).,Not applicable (no rankings).,No. Opponent ratings are solved jointly at the same freeze from the same past games. tests_poison (all 841 features bit-identical before the cutoff when every later game/season is randomised),Variance components from the 2009-2011 burn-in only; metric scales (standardisation of edges) from data-only finals of the three seasons BEFORE the target season.,No: metric_scales(S) reads seasons S-3..S-1 only.,"EPA values come from the provider's fixed expected-points model, fitted by the provider on historical seasons that overlap the development window. It is a value function of down, distance and field position (not of any game's outcome), but it is hindsight about how football is valued. Cannot be removed without a re-fitted EP model; disclosed.",CLEAN (proved end-to-end by the poisoning test)
edge_sr_early,"C ridge, D gbm",ratings,sportsdataverse espn_cfb_pbp play-by-play -> stage-1 team-game efficiency -> stage-3 joint opponent-adjusted Bayesian ridge ratings,plays of games that kicked off BEFORE the Tuesday 12:00 UTC freeze of the target game's week (asserted in build_ratings: obs.kickoff_ts < T; artifact test counts only prior games),"No. The target game kicks off after its freeze, so none of its plays exist at T. tests_poison (all 841 features bit-identical before the cutoff when every later game/season is randomised)",No. Ratings are re-solved at every freeze from games before it; never a season total. tests_poison (all 841 features bit-identical before the cutoff when every later game/season is randomised),Not applicable (no injury or depth data enters).,Not applicable. The provider's win-probability and spread columns are excluded at read time (FORBIDDEN_PBP_COLUMNS; test pbp_never_reads_market_or_wp_columns).,Not applicable (no rankings).,No. Opponent ratings are solved jointly at the same freeze from the same past games. tests_poison (all 841 features bit-identical before the cutoff when every later game/season is randomised),Variance components from the 2009-2011 burn-in only; metric scales (standardisation of edges) from data-only finals of the three seasons BEFORE the target season.,No: metric_scales(S) reads seasons S-3..S-1 only.,"EPA values come from the provider's fixed expected-points model, fitted by the provider on historical seasons that overlap the development window. It is a value function of down, distance and field position (not of any game's outcome), but it is hindsight about how football is valued. Cannot be removed without a re-fitted EP model; disclosed.",CLEAN (proved end-to-end by the poisoning test)
edge_sr_pass,"C ridge, D gbm",ratings,sportsdataverse espn_cfb_pbp play-by-play -> stage-1 team-game efficiency -> stage-3 joint opponent-adjusted Bayesian ridge ratings,plays of games that kicked off BEFORE the Tuesday 12:00 UTC freeze of the target game's week (asserted in build_ratings: obs.kickoff_ts < T; artifact test counts only prior games),"No. The target game kicks off after its freeze, so none of its plays exist at T. tests_poison (all 841 features bit-identical before the cutoff when every later game/season is randomised)",No. Ratings are re-solved at every freeze from games before it; never a season total. tests_poison (all 841 features bit-identical before the cutoff when every later game/season is randomised),Not applicable (no injury or depth data enters).,Not applicable. The provider's win-probability and spread columns are excluded at read time (FORBIDDEN_PBP_COLUMNS; test pbp_never_reads_market_or_wp_columns).,Not applicable (no rankings).,No. Opponent ratings are solved jointly at the same freeze from the same past games. tests_poison (all 841 features bit-identical before the cutoff when every later game/season is randomised),Variance components from the 2009-2011 burn-in only; metric scales (standardisation of edges) from data-only finals of the three seasons BEFORE the target season.,No: metric_scales(S) reads seasons S-3..S-1 only.,"EPA values come from the provider's fixed expected-points model, fitted by the provider on historical seasons that overlap the development window. It is a value function of down, distance and field position (not of any game's outcome), but it is hindsight about how football is valued. Cannot be removed without a re-fitted EP model; disclosed.",CLEAN (proved end-to-end by the poisoning test)
edge_sr_pd,"C ridge, D gbm",ratings,sportsdataverse espn_cfb_pbp play-by-play -> stage-1 team-game efficiency -> stage-3 joint opponent-adjusted Bayesian ridge ratings,plays of games that kicked off BEFORE the Tuesday 12:00 UTC freeze of the target game's week (asserted in build_ratings: obs.kickoff_ts < T; artifact test counts only prior games),"No. The target game kicks off after its freeze, so none of its plays exist at T. tests_poison (all 841 features bit-identical before the cutoff when every later game/season is randomised)",No. Ratings are re-solved at every freeze from games before it; never a season total. tests_poison (all 841 features bit-identical before the cutoff when every later game/season is randomised),Not applicable (no injury or depth data enters).,Not applicable. The provider's win-probability and spread columns are excluded at read time (FORBIDDEN_PBP_COLUMNS; test pbp_never_reads_market_or_wp_columns).,Not applicable (no rankings).,No. Opponent ratings are solved jointly at the same freeze from the same past games. tests_poison (all 841 features bit-identical before the cutoff when every later game/season is randomised),Variance components from the 2009-2011 burn-in only; metric scales (standardisation of edges) from data-only finals of the three seasons BEFORE the target season.,No: metric_scales(S) reads seasons S-3..S-1 only.,"EPA values come from the provider's fixed expected-points model, fitted by the provider on historical seasons that overlap the development window. It is a value function of down, distance and field position (not of any game's outcome), but it is hindsight about how football is valued. Cannot be removed without a re-fitted EP model; disclosed.",CLEAN (proved end-to-end by the poisoning test)
edge_sr_rush,"C ridge, D gbm",ratings,sportsdataverse espn_cfb_pbp play-by-play -> stage-1 team-game efficiency -> stage-3 joint opponent-adjusted Bayesian ridge ratings,plays of games that kicked off BEFORE the Tuesday 12:00 UTC freeze of the target game's week (asserted in build_ratings: obs.kickoff_ts < T; artifact test counts only prior games),"No. The target game kicks off after its freeze, so none of its plays exist at T. tests_poison (all 841 features bit-identical before the cutoff when every later game/season is randomised)",No. Ratings are re-solved at every freeze from games before it; never a season total. tests_poison (all 841 features bit-identical before the cutoff when every later game/season is randomised),Not applicable (no injury or depth data enters).,Not applicable. The provider's win-probability and spread columns are excluded at read time (FORBIDDEN_PBP_COLUMNS; test pbp_never_reads_market_or_wp_columns).,Not applicable (no rankings).,No. Opponent ratings are solved jointly at the same freeze from the same past games. tests_poison (all 841 features bit-identical before the cutoff when every later game/season is randomised),Variance components from the 2009-2011 burn-in only; metric scales (standardisation of edges) from data-only finals of the three seasons BEFORE the target season.,No: metric_scales(S) reads seasons S-3..S-1 only.,"EPA values come from the provider's fixed expected-points model, fitted by the provider on historical seasons that overlap the development window. It is a value function of down, distance and field position (not of any game's outcome), but it is hindsight about how football is valued. Cannot be removed without a re-fitted EP model; disclosed.",CLEAN (proved end-to-end by the poisoning test)
edge_st_net,"A adj-eff, D gbm, E drive",ratings,sportsdataverse espn_cfb_pbp play-by-play -> stage-1 team-game efficiency -> stage-3 joint opponent-adjusted Bayesian ridge ratings,plays of games that kicked off BEFORE the Tuesday 12:00 UTC freeze of the target game's week (asserted in build_ratings: obs.kickoff_ts < T; artifact test counts only prior games),"No. The target game kicks off after its freeze, so none of its plays exist at T. tests_poison (all 841 features bit-identical before the cutoff when every later game/season is randomised)",No. Ratings are re-solved at every freeze from games before it; never a season total. tests_poison (all 841 features bit-identical before the cutoff when every later game/season is randomised),Not applicable (no injury or depth data enters).,Not applicable. The provider's win-probability and spread columns are excluded at read time (FORBIDDEN_PBP_COLUMNS; test pbp_never_reads_market_or_wp_columns).,Not applicable (no rankings).,No. Opponent ratings are solved jointly at the same freeze from the same past games. tests_poison (all 841 features bit-identical before the cutoff when every later game/season is randomised),Variance components from the 2009-2011 burn-in only; metric scales (standardisation of edges) from data-only finals of the three seasons BEFORE the target season.,No: metric_scales(S) reads seasons S-3..S-1 only.,"EPA values come from the provider's fixed expected-points model, fitted by the provider on historical seasons that overlap the development window. It is a value function of down, distance and field position (not of any game's outcome), but it is hindsight about how football is valued. Cannot be removed without a re-fitted EP model; disclosed.",CLEAN (proved end-to-end by the poisoning test)
edge_stuff,C ridge,ratings,sportsdataverse espn_cfb_pbp play-by-play -> stage-1 team-game efficiency -> stage-3 joint opponent-adjusted Bayesian ridge ratings,plays of games that kicked off BEFORE the Tuesday 12:00 UTC freeze of the target game's week (asserted in build_ratings: obs.kickoff_ts < T; artifact test counts only prior games),"No. The target game kicks off after its freeze, so none of its plays exist at T. tests_poison (all 841 features bit-identical before the cutoff when every later game/season is randomised)",No. Ratings are re-solved at every freeze from games before it; never a season total. tests_poison (all 841 features bit-identical before the cutoff when every later game/season is randomised),Not applicable (no injury or depth data enters).,Not applicable. The provider's win-probability and spread columns are excluded at read time (FORBIDDEN_PBP_COLUMNS; test pbp_never_reads_market_or_wp_columns).,Not applicable (no rankings).,No. Opponent ratings are solved jointly at the same freeze from the same past games. tests_poison (all 841 features bit-identical before the cutoff when every later game/season is randomised),Variance components from the 2009-2011 burn-in only; metric scales (standardisation of edges) from data-only finals of the three seasons BEFORE the target season.,No: metric_scales(S) reads seasons S-3..S-1 only.,"EPA values come from the provider's fixed expected-points model, fitted by the provider on historical seasons that overlap the development window. It is a value function of down, distance and field position (not of any game's outcome), but it is hindsight about how football is valued. Cannot be removed without a re-fitted EP model; disclosed.",CLEAN (proved end-to-end by the poisoning test)
eff_pts_raw,"A adj-eff, C ridge, D gbm",ratings,sportsdataverse espn_cfb_pbp play-by-play -> stage-1 team-game efficiency -> stage-3 joint opponent-adjusted Bayesian ridge ratings,plays of games that kicked off BEFORE the Tuesday 12:00 UTC freeze of the target game's week (asserted in build_ratings: obs.kickoff_ts < T; artifact test counts only prior games),"No. The target game kicks off after its freeze, so none of its plays exist at T. tests_poison (all 841 features bit-identical before the cutoff when every later game/season is randomised)",No. Ratings are re-solved at every freeze from games before it; never a season total. tests_poison (all 841 features bit-identical before the cutoff when every later game/season is randomised),Not applicable (no injury or depth data enters).,Not applicable. The provider's win-probability and spread columns are excluded at read time (FORBIDDEN_PBP_COLUMNS; test pbp_never_reads_market_or_wp_columns).,Not applicable (no rankings).,No. Opponent ratings are solved jointly at the same freeze from the same past games. tests_poison (all 841 features bit-identical before the cutoff when every later game/season is randomised),Variance components from the 2009-2011 burn-in only; metric scales (standardisation of edges) from data-only finals of the three seasons BEFORE the target season.,No: metric_scales(S) reads seasons S-3..S-1 only.,"EPA values come from the provider's fixed expected-points model, fitted by the provider on historical seasons that overlap the development window. It is a value function of down, distance and field position (not of any game's outcome), but it is hindsight about how football is valued. Cannot be removed without a re-fitted EP model; disclosed.",CLEAN (proved end-to-end by the poisoning test)
elo_diff,"B elo, C ridge, D gbm",elo,results-only Elo over final scores (stage 4),scores of games that kicked off before the freeze (snapshot per freeze),No.,No.,n/a,n/a,n/a,No.,"K, home-field and carry-over tuned on the development window 2016-2023 (never the holdout). Development-window metrics are therefore in-sample with respect to that tuning.",n/a,,CLEAN
ens_sd,error model,derived (error model),error-model input derived from the rows above; fills learned at fit time,error-model input derived from the rows above; fills learned at fit time,error-model input derived from the rows above; fills learned at fit time,error-model input derived from the rows above; fills learned at fit time,error-model input derived from the rows above; fills learned at fit time,error-model input derived from the rows above; fills learned at fit time,error-model input derived from the rows above; fills learned at fit time,error-model input derived from the rows above; fills learned at fit time,error-model input derived from the rows above; fills learned at fit time,error-model input derived from the rows above; fills learned at fit time,,CLEAN (fills fixed)
exp_total_z,error model,ratings,sportsdataverse espn_cfb_pbp play-by-play -> stage-1 team-game efficiency -> stage-3 joint opponent-adjusted Bayesian ridge ratings,plays of games that kicked off BEFORE the Tuesday 12:00 UTC freeze of the target game's week (asserted in build_ratings: obs.kickoff_ts < T; artifact test counts only prior games),"No. The target game kicks off after its freeze, so none of its plays exist at T. tests_poison (all 841 features bit-identical before the cutoff when every later game/season is randomised)",No. Ratings are re-solved at every freeze from games before it; never a season total. tests_poison (all 841 features bit-identical before the cutoff when every later game/season is randomised),Not applicable (no injury or depth data enters).,Not applicable. The provider's win-probability and spread columns are excluded at read time (FORBIDDEN_PBP_COLUMNS; test pbp_never_reads_market_or_wp_columns).,Not applicable (no rankings).,No. Opponent ratings are solved jointly at the same freeze from the same past games. tests_poison (all 841 features bit-identical before the cutoff when every later game/season is randomised),Variance components from the 2009-2011 burn-in only; metric scales (standardisation of edges) from data-only finals of the three seasons BEFORE the target season.,No: metric_scales(S) reads seasons S-3..S-1 only.,"EPA values come from the provider's fixed expected-points model, fitted by the provider on historical seasons that overlap the development window. It is a value function of down, distance and field position (not of any game's outcome), but it is hindsight about how football is valued. Cannot be removed without a re-fitted EP model; disclosed.",CLEAN (proved end-to-end by the poisoning test)
fcs_game_f,error model,derived (error model),error-model input derived from the rows above; fills learned at fit time,error-model input derived from the rows above; fills learned at fit time,error-model input derived from the rows above; fills learned at fit time,error-model input derived from the rows above; fills learned at fit time,error-model input derived from the rows above; fills learned at fit time,error-model input derived from the rows above; fills learned at fit time,error-model input derived from the rows above; fills learned at fit time,error-model input derived from the rows above; fills learned at fit time,error-model input derived from the rows above; fills learned at fit time,error-model input derived from the rows above; fills learned at fit time,,CLEAN (fills fixed)
h_qb_changed,D gbm,qb,passer ids and dropback EPA from play-by-play (stage 4),games before the freeze; expected starter = the team's most recent starter,No: a quarterback who first appears after the freeze cannot be the expected starter (test qb_features_ignore_post_kickoff_quarterback_knowledge).,No.,No pregame depth charts or injury reports exist historically; none are used. Live status reports stamped at/after kickoff are refused by the engine (tests.js).,n/a,n/a,"Past-season QB games are adjusted with that season's final defence ratings, which are complete before the target season.",QB shrinkage from 2009-2013; same-starter rate from 2012-2015.,n/a,,CLEAN
h_qb_exp_db_log,D gbm,qb,passer ids and dropback EPA from play-by-play (stage 4),games before the freeze; expected starter = the team's most recent starter,No: a quarterback who first appears after the freeze cannot be the expected starter (test qb_features_ignore_post_kickoff_quarterback_knowledge).,No.,No pregame depth charts or injury reports exist historically; none are used. Live status reports stamped at/after kickoff are refused by the engine (tests.js).,n/a,n/a,"Past-season QB games are adjusted with that season's final defence ratings, which are complete before the target season.",QB shrinkage from 2009-2013; same-starter rate from 2012-2015.,n/a,,CLEAN
home_field,"A adj-eff, C ridge, D gbm, E drive",schedule,"published schedule (neutral site, kickoff, conference game, postseason) and static venue geography",known before the game (schedules are published months ahead; venues are static),No.,No.,n/a,n/a,n/a,n/a,n/a,n/a,The archived schedule is the FINAL schedule: a game moved at short notice carries its actual kickoff. Effect on rest days only; measured by ablation.,CLEAN
inv_games,error model,derived (error model),error-model input derived from the rows above; fills learned at fit time,error-model input derived from the rows above; fills learned at fit time,error-model input derived from the rows above; fills learned at fit time,error-model input derived from the rows above; fills learned at fit time,error-model input derived from the rows above; fills learned at fit time,error-model input derived from the rows above; fills learned at fit time,error-model input derived from the rows above; fills learned at fit time,error-model input derived from the rows above; fills learned at fit time,error-model input derived from the rows above; fills learned at fit time,error-model input derived from the rows above; fills learned at fit time,,CLEAN (fills fixed)
is_postseason_f,C ridge,schedule,"published schedule (neutral site, kickoff, conference game, postseason) and static venue geography",known before the game (schedules are published months ahead; venues are static),No.,No.,n/a,n/a,n/a,n/a,n/a,n/a,The archived schedule is the FINAL schedule: a game moved at short notice carries its actual kickoff. Effect on rest days only; measured by ablation.,CLEAN
l2_edge_epa,"C ridge, D gbm",ratings,sportsdataverse espn_cfb_pbp play-by-play -> stage-1 team-game efficiency -> stage-3 joint opponent-adjusted Bayesian ridge ratings,plays of games that kicked off BEFORE the Tuesday 12:00 UTC freeze of the target game's week (asserted in build_ratings: obs.kickoff_ts < T; artifact test counts only prior games),"No. The target game kicks off after its freeze, so none of its plays exist at T. tests_poison (all 841 features bit-identical before the cutoff when every later game/season is randomised)",No. Ratings are re-solved at every freeze from games before it; never a season total. tests_poison (all 841 features bit-identical before the cutoff when every later game/season is randomised),Not applicable (no injury or depth data enters).,Not applicable. The provider's win-probability and spread columns are excluded at read time (FORBIDDEN_PBP_COLUMNS; test pbp_never_reads_market_or_wp_columns).,Not applicable (no rankings).,No. Opponent ratings are solved jointly at the same freeze from the same past games. tests_poison (all 841 features bit-identical before the cutoff when every later game/season is randomised),Variance components from the 2009-2011 burn-in only; metric scales (standardisation of edges) from data-only finals of the three seasons BEFORE the target season.,No: metric_scales(S) reads seasons S-3..S-1 only.,"EPA values come from the provider's fixed expected-points model, fitted by the provider on historical seasons that overlap the development window. It is a value function of down, distance and field position (not of any game's outcome), but it is hindsight about how football is valued. Cannot be removed without a re-fitted EP model; disclosed.",CLEAN (proved end-to-end by the poisoning test)
l4_edge_epa,"C ridge, D gbm",ratings,sportsdataverse espn_cfb_pbp play-by-play -> stage-1 team-game efficiency -> stage-3 joint opponent-adjusted Bayesian ridge ratings,plays of games that kicked off BEFORE the Tuesday 12:00 UTC freeze of the target game's week (asserted in build_ratings: obs.kickoff_ts < T; artifact test counts only prior games),"No. The target game kicks off after its freeze, so none of its plays exist at T. tests_poison (all 841 features bit-identical before the cutoff when every later game/season is randomised)",No. Ratings are re-solved at every freeze from games before it; never a season total. tests_poison (all 841 features bit-identical before the cutoff when every later game/season is randomised),Not applicable (no injury or depth data enters).,Not applicable. The provider's win-probability and spread columns are excluded at read time (FORBIDDEN_PBP_COLUMNS; test pbp_never_reads_market_or_wp_columns).,Not applicable (no rankings).,No. Opponent ratings are solved jointly at the same freeze from the same past games. tests_poison (all 841 features bit-identical before the cutoff when every later game/season is randomised),Variance components from the 2009-2011 burn-in only; metric scales (standardisation of edges) from data-only finals of the three seasons BEFORE the target season.,No: metric_scales(S) reads seasons S-3..S-1 only.,"EPA values come from the provider's fixed expected-points model, fitted by the provider on historical seasons that overlap the development window. It is a value function of down, distance and field position (not of any game's outcome), but it is hindsight about how football is valued. Cannot be removed without a re-fitted EP model; disclosed.",CLEAN (proved end-to-end by the poisoning test)
match_mix_edge,"C ridge, D gbm",ratings,sportsdataverse espn_cfb_pbp play-by-play -> stage-1 team-game efficiency -> stage-3 joint opponent-adjusted Bayesian ridge ratings,plays of games that kicked off BEFORE the Tuesday 12:00 UTC freeze of the target game's week (asserted in build_ratings: obs.kickoff_ts < T; artifact test counts only prior games),"No. The target game kicks off after its freeze, so none of its plays exist at T. tests_poison (all 841 features bit-identical before the cutoff when every later game/season is randomised)",No. Ratings are re-solved at every freeze from games before it; never a season total. tests_poison (all 841 features bit-identical before the cutoff when every later game/season is randomised),Not applicable (no injury or depth data enters).,Not applicable. The provider's win-probability and spread columns are excluded at read time (FORBIDDEN_PBP_COLUMNS; test pbp_never_reads_market_or_wp_columns).,Not applicable (no rankings).,No. Opponent ratings are solved jointly at the same freeze from the same past games. tests_poison (all 841 features bit-identical before the cutoff when every later game/season is randomised),Variance components from the 2009-2011 burn-in only; metric scales (standardisation of edges) from data-only finals of the three seasons BEFORE the target season.,No: metric_scales(S) reads seasons S-3..S-1 only.,"EPA values come from the provider's fixed expected-points model, fitted by the provider on historical seasons that overlap the development window. It is a value function of down, distance and field position (not of any game's outcome), but it is hindsight about how football is valued. Cannot be removed without a re-fitted EP model; disclosed.",CLEAN (proved end-to-end by the poisoning test)
qb_delta_edge,D gbm,qb,passer ids and dropback EPA from play-by-play (stage 4),games before the freeze; expected starter = the team's most recent starter,No: a quarterback who first appears after the freeze cannot be the expected starter (test qb_features_ignore_post_kickoff_quarterback_knowledge).,No.,No pregame depth charts or injury reports exist historically; none are used. Live status reports stamped at/after kickoff are refused by the engine (tests.js).,n/a,n/a,"Past-season QB games are adjusted with that season's final defence ratings, which are complete before the target season.",QB shrinkage from 2009-2013; same-starter rate from 2012-2015.,n/a,,CLEAN
qb_exp_edge,D gbm,qb,passer ids and dropback EPA from play-by-play (stage 4),games before the freeze; expected starter = the team's most recent starter,No: a quarterback who first appears after the freeze cannot be the expected starter (test qb_features_ignore_post_kickoff_quarterback_knowledge).,No.,No pregame depth charts or injury reports exist historically; none are used. Live status reports stamped at/after kickoff are refused by the engine (tests.js).,n/a,n/a,"Past-season QB games are adjusted with that season's final defence ratings, which are complete before the target season.",QB shrinkage from 2009-2013; same-starter rate from 2012-2015.,n/a,,CLEAN
qb_missing_any,"D gbm, error model",qb,passer ids and dropback EPA from play-by-play (stage 4),games before the freeze; expected starter = the team's most recent starter,No: a quarterback who first appears after the freeze cannot be the expected starter (test qb_features_ignore_post_kickoff_quarterback_knowledge).,No.,No pregame depth charts or injury reports exist historically; none are used. Live status reports stamped at/after kickoff are refused by the engine (tests.js).,n/a,n/a,"Past-season QB games are adjusted with that season's final defence ratings, which are complete before the target season.",QB shrinkage from 2009-2013; same-starter rate from 2012-2015.,n/a,,CLEAN
qb_unsettled_any,"D gbm, error model",qb,passer ids and dropback EPA from play-by-play (stage 4),games before the freeze; expected starter = the team's most recent starter,No: a quarterback who first appears after the freeze cannot be the expected starter (test qb_features_ignore_post_kickoff_quarterback_knowledge).,No.,No pregame depth charts or injury reports exist historically; none are used. Live status reports stamped at/after kickoff are refused by the engine (tests.js).,n/a,n/a,"Past-season QB games are adjusted with that season's final defence ratings, which are complete before the target season.",QB shrinkage from 2009-2013; same-starter rate from 2012-2015.,n/a,,CLEAN
rating_sd_sum,error model,derived (error model),error-model input derived from the rows above; fills learned at fit time,error-model input derived from the rows above; fills learned at fit time,error-model input derived from the rows above; fills learned at fit time,error-model input derived from the rows above; fills learned at fit time,error-model input derived from the rows above; fills learned at fit time,error-model input derived from the rows above; fills learned at fit time,error-model input derived from the rows above; fills learned at fit time,error-model input derived from the rows above; fills learned at fit time,error-model input derived from the rows above; fills learned at fit time,error-model input derived from the rows above; fills learned at fit time,,CLEAN (fills fixed)
rest_diff,C ridge,schedule,"published schedule (neutral site, kickoff, conference game, postseason) and static venue geography",known before the game (schedules are published months ahead; venues are static),No.,No.,n/a,n/a,n/a,n/a,n/a,n/a,The archived schedule is the FINAL schedule: a game moved at short notice carries its actual kickoff. Effect on rest days only; measured by ablation.,CLEAN
to_dependence,error model,derived (error model),error-model input derived from the rows above; fills learned at fit time,error-model input derived from the rows above; fills learned at fit time,error-model input derived from the rows above; fills learned at fit time,error-model input derived from the rows above; fills learned at fit time,error-model input derived from the rows above; fills learned at fit time,error-model input derived from the rows above; fills learned at fit time,error-model input derived from the rows above; fills learned at fit time,error-model input derived from the rows above; fills learned at fit time,error-model input derived from the rows above; fills learned at fit time,error-model input derived from the rows above; fills learned at fit time,,CLEAN (fills fixed)
travel_miles_log,C ridge,schedule,"published schedule (neutral site, kickoff, conference game, postseason) and static venue geography",known before the game (schedules are published months ahead; venues are static),No.,No.,n/a,n/a,n/a,n/a,n/a,n/a,The archived schedule is the FINAL schedule: a game moved at short notice carries its actual kickoff. Effect on rest days only; measured by ablation.,CLEAN
tz_shift,C ridge,schedule,"published schedule (neutral site, kickoff, conference game, postseason) and static venue geography",known before the game (schedules are published months ahead; venues are static),No.,No.,n/a,n/a,n/a,n/a,n/a,n/a,The archived schedule is the FINAL schedule: a game moved at short notice carries its actual kickoff. Effect on rest days only; measured by ablation.,CLEAN
vol_sum,error model,volatility,stage-3 residual volatility of each team's EPA (error model input only),games before the freeze,No.,"FOUND: candidate 001 filled teams with no games yet (week 1) with the median of the WHOLE SEASON of snapshot rows, i.e. later weeks. tests_poison: vol_sum moved on 129 pre-cutoff rows.",n/a,n/a,n/a,No.,FOUND (same fill),No.,"Feeds the error model only (intervals, probabilities), never the point prediction.",FIXED: each team has a point-in-time volatility prior before its first game
x_pass_a,"C ridge, D gbm",ratings,sportsdataverse espn_cfb_pbp play-by-play -> stage-1 team-game efficiency -> stage-3 joint opponent-adjusted Bayesian ridge ratings,plays of games that kicked off BEFORE the Tuesday 12:00 UTC freeze of the target game's week (asserted in build_ratings: obs.kickoff_ts < T; artifact test counts only prior games),"No. The target game kicks off after its freeze, so none of its plays exist at T. tests_poison (all 841 features bit-identical before the cutoff when every later game/season is randomised)",No. Ratings are re-solved at every freeze from games before it; never a season total. tests_poison (all 841 features bit-identical before the cutoff when every later game/season is randomised),Not applicable (no injury or depth data enters).,Not applicable. The provider's win-probability and spread columns are excluded at read time (FORBIDDEN_PBP_COLUMNS; test pbp_never_reads_market_or_wp_columns).,Not applicable (no rankings).,No. Opponent ratings are solved jointly at the same freeze from the same past games. tests_poison (all 841 features bit-identical before the cutoff when every later game/season is randomised),Variance components from the 2009-2011 burn-in only; metric scales (standardisation of edges) from data-only finals of the three seasons BEFORE the target season.,No: metric_scales(S) reads seasons S-3..S-1 only.,"EPA values come from the provider's fixed expected-points model, fitted by the provider on historical seasons that overlap the development window. It is a value function of down, distance and field position (not of any game's outcome), but it is hindsight about how football is valued. Cannot be removed without a re-fitted EP model; disclosed.",CLEAN (proved end-to-end by the poisoning test)
x_pass_h,"C ridge, D gbm",ratings,sportsdataverse espn_cfb_pbp play-by-play -> stage-1 team-game efficiency -> stage-3 joint opponent-adjusted Bayesian ridge ratings,plays of games that kicked off BEFORE the Tuesday 12:00 UTC freeze of the target game's week (asserted in build_ratings: obs.kickoff_ts < T; artifact test counts only prior games),"No. The target game kicks off after its freeze, so none of its plays exist at T. tests_poison (all 841 features bit-identical before the cutoff when every later game/season is randomised)",No. Ratings are re-solved at every freeze from games before it; never a season total. tests_poison (all 841 features bit-identical before the cutoff when every later game/season is randomised),Not applicable (no injury or depth data enters).,Not applicable. The provider's win-probability and spread columns are excluded at read time (FORBIDDEN_PBP_COLUMNS; test pbp_never_reads_market_or_wp_columns).,Not applicable (no rankings).,No. Opponent ratings are solved jointly at the same freeze from the same past games. tests_poison (all 841 features bit-identical before the cutoff when every later game/season is randomised),Variance components from the 2009-2011 burn-in only; metric scales (standardisation of edges) from data-only finals of the three seasons BEFORE the target season.,No: metric_scales(S) reads seasons S-3..S-1 only.,"EPA values come from the provider's fixed expected-points model, fitted by the provider on historical seasons that overlap the development window. It is a value function of down, distance and field position (not of any game's outcome), but it is hindsight about how football is valued. Cannot be removed without a re-fitted EP model; disclosed.",CLEAN (proved end-to-end by the poisoning test)
x_rush_a,"C ridge, D gbm",ratings,sportsdataverse espn_cfb_pbp play-by-play -> stage-1 team-game efficiency -> stage-3 joint opponent-adjusted Bayesian ridge ratings,plays of games that kicked off BEFORE the Tuesday 12:00 UTC freeze of the target game's week (asserted in build_ratings: obs.kickoff_ts < T; artifact test counts only prior games),"No. The target game kicks off after its freeze, so none of its plays exist at T. tests_poison (all 841 features bit-identical before the cutoff when every later game/season is randomised)",No. Ratings are re-solved at every freeze from games before it; never a season total. tests_poison (all 841 features bit-identical before the cutoff when every later game/season is randomised),Not applicable (no injury or depth data enters).,Not applicable. The provider's win-probability and spread columns are excluded at read time (FORBIDDEN_PBP_COLUMNS; test pbp_never_reads_market_or_wp_columns).,Not applicable (no rankings).,No. Opponent ratings are solved jointly at the same freeze from the same past games. tests_poison (all 841 features bit-identical before the cutoff when every later game/season is randomised),Variance components from the 2009-2011 burn-in only; metric scales (standardisation of edges) from data-only finals of the three seasons BEFORE the target season.,No: metric_scales(S) reads seasons S-3..S-1 only.,"EPA values come from the provider's fixed expected-points model, fitted by the provider on historical seasons that overlap the development window. It is a value function of down, distance and field position (not of any game's outcome), but it is hindsight about how football is valued. Cannot be removed without a re-fitted EP model; disclosed.",CLEAN (proved end-to-end by the poisoning test)
x_rush_h,"C ridge, D gbm",ratings,sportsdataverse espn_cfb_pbp play-by-play -> stage-1 team-game efficiency -> stage-3 joint opponent-adjusted Bayesian ridge ratings,plays of games that kicked off BEFORE the Tuesday 12:00 UTC freeze of the target game's week (asserted in build_ratings: obs.kickoff_ts < T; artifact test counts only prior games),"No. The target game kicks off after its freeze, so none of its plays exist at T. tests_poison (all 841 features bit-identical before the cutoff when every later game/season is randomised)",No. Ratings are re-solved at every freeze from games before it; never a season total. tests_poison (all 841 features bit-identical before the cutoff when every later game/season is randomised),Not applicable (no injury or depth data enters).,Not applicable. The provider's win-probability and spread columns are excluded at read time (FORBIDDEN_PBP_COLUMNS; test pbp_never_reads_market_or_wp_columns).,Not applicable (no rankings).,No. Opponent ratings are solved jointly at the same freeze from the same past games. tests_poison (all 841 features bit-identical before the cutoff when every later game/season is randomised),Variance components from the 2009-2011 burn-in only; metric scales (standardisation of edges) from data-only finals of the three seasons BEFORE the target season.,No: metric_scales(S) reads seasons S-3..S-1 only.,"EPA values come from the provider's fixed expected-points model, fitted by the provider on historical seasons that overlap the development window. It is a value function of down, distance and field position (not of any game's outcome), but it is hindsight about how football is valued. Cannot be removed without a re-fitted EP model; disclosed.",CLEAN (proved end-to-end by the poisoning test)
x_sack_a,"C ridge, D gbm",ratings,sportsdataverse espn_cfb_pbp play-by-play -> stage-1 team-game efficiency -> stage-3 joint opponent-adjusted Bayesian ridge ratings,plays of games that kicked off BEFORE the Tuesday 12:00 UTC freeze of the target game's week (asserted in build_ratings: obs.kickoff_ts < T; artifact test counts only prior games),"No. The target game kicks off after its freeze, so none of its plays exist at T. tests_poison (all 841 features bit-identical before the cutoff when every later game/season is randomised)",No. Ratings are re-solved at every freeze from games before it; never a season total. tests_poison (all 841 features bit-identical before the cutoff when every later game/season is randomised),Not applicable (no injury or depth data enters).,Not applicable. The provider's win-probability and spread columns are excluded at read time (FORBIDDEN_PBP_COLUMNS; test pbp_never_reads_market_or_wp_columns).,Not applicable (no rankings).,No. Opponent ratings are solved jointly at the same freeze from the same past games. tests_poison (all 841 features bit-identical before the cutoff when every later game/season is randomised),Variance components from the 2009-2011 burn-in only; metric scales (standardisation of edges) from data-only finals of the three seasons BEFORE the target season.,No: metric_scales(S) reads seasons S-3..S-1 only.,"EPA values come from the provider's fixed expected-points model, fitted by the provider on historical seasons that overlap the development window. It is a value function of down, distance and field position (not of any game's outcome), but it is hindsight about how football is valued. Cannot be removed without a re-fitted EP model; disclosed.",CLEAN (proved end-to-end by the poisoning test)
x_sack_h,"C ridge, D gbm",ratings,sportsdataverse espn_cfb_pbp play-by-play -> stage-1 team-game efficiency -> stage-3 joint opponent-adjusted Bayesian ridge ratings,plays of games that kicked off BEFORE the Tuesday 12:00 UTC freeze of the target game's week (asserted in build_ratings: obs.kickoff_ts < T; artifact test counts only prior games),"No. The target game kicks off after its freeze, so none of its plays exist at T. tests_poison (all 841 features bit-identical before the cutoff when every later game/season is randomised)",No. Ratings are re-solved at every freeze from games before it; never a season total. tests_poison (all 841 features bit-identical before the cutoff when every later game/season is randomised),Not applicable (no injury or depth data enters).,Not applicable. The provider's win-probability and spread columns are excluded at read time (FORBIDDEN_PBP_COLUMNS; test pbp_never_reads_market_or_wp_columns).,Not applicable (no rankings).,No. Opponent ratings are solved jointly at the same freeze from the same past games. tests_poison (all 841 features bit-identical before the cutoff when every later game/season is randomised),Variance components from the 2009-2011 burn-in only; metric scales (standardisation of edges) from data-only finals of the three seasons BEFORE the target season.,No: metric_scales(S) reads seasons S-3..S-1 only.,"EPA values come from the provider's fixed expected-points model, fitted by the provider on historical seasons that overlap the development window. It is a value function of down, distance and field position (not of any game's outcome), but it is hindsight about how football is valued. Cannot be removed without a re-fitted EP model; disclosed.",CLEAN (proved end-to-end by the poisoning test)
