game_id,kickoff,home,away,model_version,calibrator_version,calibration_status,policy_version,generated_at,side,book,line,odds,quote_ts,p_cover_raw,p_cover_calibrated,p_push,break_even,probability_edge,raw_model_ev,calibrated_ev,conservative_ev,prob_ev_positive,decision_status,policy_decision,timing,research_status,blockers,bettable_to_line,target,edge_kind,extreme
401856724,2026-10-17T04:00:00.000Z,Texas,Florida,edgedesk_cfb_p4_v1.0.0,cfb_ev_calibration_v1,PROMOTED,cfb_ev_policy_v1,2026-10-10T01:25:38.087Z,Florida,draftkings,8.5,-105,2026-10-10T01:21:22.000Z,0.386958,0.496875,0,0.512195,-0.01532,-0.244511,-0.029911,-0.064019,0.088,NO_DECISION,NO_DECISION,RESEARCH,INVESTIGATE,INVESTIGATE,10.5,CURRENT Florida +8.5 -105 → TARGET Florida +10.5 -105 OR Florida +8.5 +109,NONE,NONE
401862797,2026-10-10T20:00:00.000Z,East Carolina,Rice,edgedesk_cfb_p4_v1.0.0,cfb_ev_calibration_v1,PROMOTED,cfb_ev_policy_v1,2026-10-10T01:25:38.087Z,Rice,draftkings,10,-108,2026-10-09T23:07:29.000Z,0.428589,0.500001,0.034495,0.519231,-0.01923,-0.168547,-0.035725,-0.060139,0.018,PASS,PASS,PASS,WORTH_RESEARCHING,PRICE|TARGET_MOVES_WITH_MARKET,11.5,CURRENT Rice +10 -108 → TARGET Rice +11.5 -108 OR Rice +10 +106,NONE,NONE
401856714,2026-10-10T16:45:00.000Z,Florida,South Carolina,edgedesk_cfb_p4_v1.0.0,cfb_ev_calibration_v1,PROMOTED,cfb_ev_policy_v1,2026-10-10T01:25:38.087Z,South Carolina,draftkings,10.5,-105,2026-10-10T01:21:22.000Z,0.604091,0.500001,0,0.512195,-0.012194,0.179416,-0.023808,-0.069546,0.218,NO_DECISION,NO_DECISION,RESEARCH,INVESTIGATE,INVESTIGATE,13,CURRENT South Carolina +10.5 -105 → TARGET South Carolina +13 -105 OR South Carolina +10.5 +110,NONE,NONE
401856823,2026-10-10T16:00:00.000Z,West Virginia,Arizona,edgedesk_cfb_p4_v1.0.0,cfb_ev_calibration_v1,PROMOTED,cfb_ev_policy_v1,2026-10-10T01:25:38.087Z,Arizona,draftkings,-3.5,-108,2026-10-09T23:07:29.000Z,0.572427,0.500001,0,0.519231,-0.01923,0.102452,-0.037035,-0.074978,0.07,PASS,PASS,PASS,WORTH_RESEARCHING,PRICE|RAW_EV_NOT_CALIBRATED|TARGET_MOVES_WITH_MARKET,-2.5,CURRENT Arizona -3.5 -108 → TARGET Arizona -2.5 -108 OR Arizona -3.5 +109,NONE,NONE
401860901,2026-10-11T02:30:00.000Z,Fresno State,Boise State,edgedesk_cfb_p4_v1.0.0,cfb_ev_calibration_v1,PROMOTED,cfb_ev_policy_v1,2026-10-10T01:25:38.087Z,Fresno State,draftkings,7,-110,2026-10-09T23:07:29.000Z,0.700714,0.500001,0.055382,0.52381,-0.023808,0.319023,-0.042704,-0.08311,0.108,NO_DECISION,NO_DECISION,RESEARCH,INVESTIGATE,INVESTIGATE,8.5,CURRENT Fresno State +7 -110 → TARGET Fresno State +8.5 -110 OR Fresno State +7 +110,NONE,NONE
401871053,2026-10-14T00:00:00.000Z,Jacksonville State,Florida International,edgedesk_cfb_p4_v1.0.0,cfb_ev_calibration_v1,PROMOTED,cfb_ev_policy_v1,2026-10-10T01:25:38.087Z,Jacksonville State,,,,,,,,,,,,,,NO_DECISION,NO_DECISION,NO_DECISION,WORTH_RESEARCHING,,,,NONE,NONE
401860923,2026-10-16T00:00:00.000Z,Texas State,Colorado State,edgedesk_cfb_p4_v1.0.0,cfb_ev_calibration_v1,PROMOTED,cfb_ev_policy_v1,2026-10-10T01:25:38.087Z,Texas State,draftkings,-12.5,-105,2026-10-10T01:21:22.000Z,0.672806,0.504897,0,0.512195,-0.007299,0.313574,-0.01425,-0.053964,0.284,NO_DECISION,NO_DECISION,RESEARCH,INVESTIGATE,INVESTIGATE,-10.5,CURRENT Texas State -12.5 -105 → TARGET Texas State -10.5 -105 OR Texas State -12.5 +107,NONE,NONE
401856713,2026-10-10T20:15:00.000Z,Arkansas,Tennessee,edgedesk_cfb_p4_v1.0.0,cfb_ev_calibration_v1,PROMOTED,cfb_ev_policy_v1,2026-10-10T01:25:38.087Z,Arkansas,draftkings,13.5,-105,2026-10-10T01:21:22.000Z,0.539699,0.5,0,0.512195,-0.012195,0.053698,-0.02381,-0.043206,0.118,PASS,PASS,PASS,MARKET_ALIGNED,PRICE|RAW_EV_NOT_CALIBRATED|NO_DISAGREEMENT_TO_WAIT_ON,14.5,CURRENT Arkansas +13.5 -105 → TARGET Arkansas +14.5 -105 OR Arkansas +13.5 +105,NONE,NONE
401866440,2026-10-10T18:00:00.000Z,Massachusetts,Miami (OH),edgedesk_cfb_p4_v1.0.0,cfb_ev_calibration_v1,PROMOTED,cfb_ev_policy_v1,2026-10-10T01:25:38.087Z,Massachusetts,draftkings,4.5,-108,2026-10-10T00:07:29.000Z,0.536488,0.500001,0,0.519231,-0.01923,0.033236,-0.037035,-0.059563,0,PASS,PASS,PASS,MARKET_ALIGNED,PRICE|RAW_EV_NOT_CALIBRATED|NO_DISAGREEMENT_TO_WAIT_ON,6,CURRENT Massachusetts +4.5 -108 → TARGET Massachusetts +6 -108 OR Massachusetts +4.5 +105,NONE,NONE
401858260,2026-10-10T16:00:00.000Z,NC State,Wake Forest,edgedesk_cfb_p4_v1.0.0,cfb_ev_calibration_v1,PROMOTED,cfb_ev_policy_v1,2026-10-10T01:25:38.087Z,Wake Forest,draftkings,-3.5,100,2026-10-10T00:07:29.000Z,0.457262,0.5,0,0.5,0,-0.085476,0,-0.023425,0.478,PASS,PASS,PASS,MARKET_ALIGNED,PRICE|NO_DISAGREEMENT_TO_WAIT_ON,-3,CURRENT Wake Forest -3.5 +100 → TARGET Wake Forest -3 +100 OR Wake Forest -3.5 +105,NONE,NONE
401858257,2026-10-10T19:30:00.000Z,Notre Dame,Stanford,edgedesk_cfb_p4_v1.0.0,cfb_ev_calibration_v1,PROMOTED,cfb_ev_policy_v1,2026-10-10T01:25:38.087Z,Stanford,draftkings,39.5,-108,2026-10-09T23:07:29.000Z,0.490273,0.499999,0,0.519231,-0.019232,-0.055771,-0.037039,-0.060254,0.016,PASS,PASS,PASS,MARKET_ALIGNED,PRICE|NO_DISAGREEMENT_TO_WAIT_ON,40.5,CURRENT Stanford +39.5 -108 → TARGET Stanford +40.5 -108 OR Stanford +39.5 +105,NONE,NONE
401858258,2026-10-10T23:30:00.000Z,Virginia,Syracuse,edgedesk_cfb_p4_v1.0.0,cfb_ev_calibration_v1,PROMOTED,cfb_ev_policy_v1,2026-10-10T01:25:38.087Z,Syracuse,draftkings,11.5,-110,2026-10-10T01:21:22.000Z,0.493182,0.499999,0,0.52381,-0.023811,-0.058471,-0.045457,-0.070082,0.01,PASS,PASS,PASS,MARKET_ALIGNED,PRICE|NO_DISAGREEMENT_TO_WAIT_ON,14,CURRENT Syracuse +11.5 -110 → TARGET Syracuse +14 -110 OR Syracuse +11.5 +106,NONE,NONE
401871067,2026-10-13T23:00:00.000Z,Middle Tennessee,Delaware,edgedesk_cfb_p4_v1.0.0,cfb_ev_calibration_v1,PROMOTED,cfb_ev_policy_v1,2026-10-10T01:25:38.087Z,Middle Tennessee,,,,,,,,,,,,,,NO_DECISION,NO_DECISION,NO_DECISION,MARKET_ALIGNED,,,,NONE,NONE
401856826,2026-10-10T02:15:00.000Z,BYU,Iowa State,edgedesk_cfb_p4_v1.0.0,cfb_ev_calibration_v1,PROMOTED,cfb_ev_policy_v1,2026-10-10T01:25:38.087Z,BYU,,,,,,,,,,,,,,NO_DECISION,NO_DECISION,NO_DECISION,LIMITED_DATA,STALE_QUOTE,,,NONE,NONE
401856716,2026-10-10T16:00:00.000Z,Missouri,Texas A&M,edgedesk_cfb_p4_v1.0.0,cfb_ev_calibration_v1,PROMOTED,cfb_ev_policy_v1,2026-10-10T01:25:38.087Z,Missouri,,,,,,,,,,,,,,NO_DECISION,NO_DECISION,NO_DECISION,LIMITED_DATA,STALE_QUOTE,,,NONE,NONE
401856824,2026-10-10T16:00:00.000Z,Oklahoma State,UCF,edgedesk_cfb_p4_v1.0.0,cfb_ev_calibration_v1,PROMOTED,cfb_ev_policy_v1,2026-10-10T01:25:38.087Z,UCF,,,,,,,,,,,,,,NO_DECISION,NO_DECISION,NO_DECISION,LIMITED_DATA,STALE_QUOTE,,,NONE,NONE
401858256,2026-10-10T16:00:00.000Z,Pittsburgh,North Carolina,edgedesk_cfb_p4_v1.0.0,cfb_ev_calibration_v1,PROMOTED,cfb_ev_policy_v1,2026-10-10T01:25:38.087Z,Pittsburgh,,,,,,,,,,,,,,NO_DECISION,NO_DECISION,NO_DECISION,LIMITED_DATA,STALE_QUOTE,,,NONE,NONE
401858481,2026-10-10T16:00:00.000Z,Nebraska,Indiana,edgedesk_cfb_p4_v1.0.0,cfb_ev_calibration_v1,PROMOTED,cfb_ev_policy_v1,2026-10-10T01:25:38.087Z,Indiana,,,,,,,,,,,,,,NO_DECISION,NO_DECISION,NO_DECISION,LIMITED_DATA,STALE_QUOTE,,,NONE,NONE
401862795,2026-10-10T16:00:00.000Z,Army,Tulane,edgedesk_cfb_p4_v1.0.0,cfb_ev_calibration_v1,PROMOTED,cfb_ev_policy_v1,2026-10-10T01:25:38.087Z,Army,,,,,,,,,,,,,,NO_DECISION,NO_DECISION,NO_DECISION,LIMITED_DATA,STALE_QUOTE,,,NONE,NONE
401866436,2026-10-10T16:00:00.000Z,Bowling Green,Sacramento State,edgedesk_cfb_p4_v1.0.0,cfb_ev_calibration_v1,PROMOTED,cfb_ev_policy_v1,2026-10-10T01:25:38.087Z,Sacramento State,,,,,,,,,,,,,,NO_DECISION,NO_DECISION,NO_DECISION,LIMITED_DATA,STALE_QUOTE,,,NONE,NONE
401858482,2026-10-10T16:30:00.000Z,Northwestern,Ball State,edgedesk_cfb_p4_v1.0.0,cfb_ev_calibration_v1,PROMOTED,cfb_ev_policy_v1,2026-10-10T01:25:38.087Z,Northwestern,,,,,,,,,,,,,,NO_DECISION,NO_DECISION,NO_DECISION,LIMITED_DATA,STALE_QUOTE,,,NONE,NONE
401869843,2026-10-10T17:00:00.000Z,App State,Old Dominion,edgedesk_cfb_p4_v1.0.0,cfb_ev_calibration_v1,PROMOTED,cfb_ev_policy_v1,2026-10-10T01:25:38.087Z,Old Dominion,,,,,,,,,,,,,,NO_DECISION,NO_DECISION,NO_DECISION,LIMITED_DATA,STALE_QUOTE,,,NONE,NONE
401856717,2026-10-10T19:30:00.000Z,Oklahoma,Texas,edgedesk_cfb_p4_v1.0.0,cfb_ev_calibration_v1,PROMOTED,cfb_ev_policy_v1,2026-10-10T01:25:38.087Z,Texas,,,,,,,,,,,,,,NO_DECISION,NO_DECISION,NO_DECISION,LIMITED_DATA,STALE_QUOTE,,,NONE,NONE
401856718,2026-10-10T19:30:00.000Z,Vanderbilt,Ole Miss,edgedesk_cfb_p4_v1.0.0,cfb_ev_calibration_v1,PROMOTED,cfb_ev_policy_v1,2026-10-10T01:25:38.087Z,Vanderbilt,,,,,,,,,,,,,,NO_DECISION,NO_DECISION,NO_DECISION,LIMITED_DATA,STALE_QUOTE,,,NONE,NONE
401856825,2026-10-10T19:30:00.000Z,Kansas State,Houston,edgedesk_cfb_p4_v1.0.0,cfb_ev_calibration_v1,PROMOTED,cfb_ev_policy_v1,2026-10-10T01:25:38.087Z,Houston,,,,,,,,,,,,,,NO_DECISION,NO_DECISION,NO_DECISION,LIMITED_DATA,STALE_QUOTE,,,NONE,NONE
401858255,2026-10-10T19:30:00.000Z,Georgia Tech,Duke,edgedesk_cfb_p4_v1.0.0,cfb_ev_calibration_v1,PROMOTED,cfb_ev_policy_v1,2026-10-10T01:25:38.087Z,Georgia Tech,,,,,,,,,,,,,,NO_DECISION,NO_DECISION,NO_DECISION,LIMITED_DATA,STALE_QUOTE,,,NONE,NONE
401858259,2026-10-10T19:30:00.000Z,California,Virginia Tech,edgedesk_cfb_p4_v1.0.0,cfb_ev_calibration_v1,PROMOTED,cfb_ev_policy_v1,2026-10-10T01:25:38.087Z,California,,,,,,,,,,,,,,NO_DECISION,NO_DECISION,NO_DECISION,LIMITED_DATA,STALE_QUOTE,,,NONE,NONE
401858480,2026-10-10T19:30:00.000Z,Michigan State,Illinois,edgedesk_cfb_p4_v1.0.0,cfb_ev_calibration_v1,PROMOTED,cfb_ev_policy_v1,2026-10-10T01:25:38.087Z,Michigan State,,,,,,,,,,,,,,NO_DECISION,NO_DECISION,NO_DECISION,LIMITED_DATA,STALE_QUOTE,,,NONE,NONE
401858484,2026-10-10T19:30:00.000Z,Oregon,UCLA,edgedesk_cfb_p4_v1.0.0,cfb_ev_calibration_v1,PROMOTED,cfb_ev_policy_v1,2026-10-10T01:25:38.087Z,UCLA,,,,,,,,,,,,,,NO_DECISION,NO_DECISION,NO_DECISION,LIMITED_DATA,STALE_QUOTE,,,NONE,NONE
401862796,2026-10-10T19:30:00.000Z,North Texas,Charlotte,edgedesk_cfb_p4_v1.0.0,cfb_ev_calibration_v1,PROMOTED,cfb_ev_policy_v1,2026-10-10T01:25:38.087Z,North Texas,,,,,,,,,,,,,,NO_DECISION,NO_DECISION,NO_DECISION,LIMITED_DATA,STALE_QUOTE,,,NONE,NONE
401862799,2026-10-10T19:30:00.000Z,Navy,Tulsa,edgedesk_cfb_p4_v1.0.0,cfb_ev_calibration_v1,PROMOTED,cfb_ev_policy_v1,2026-10-10T01:25:38.087Z,Navy,,,,,,,,,,,,,,NO_DECISION,NO_DECISION,NO_DECISION,LIMITED_DATA,STALE_QUOTE,,,NONE,NONE
401866435,2026-10-10T19:30:00.000Z,Akron,Eastern Michigan,edgedesk_cfb_p4_v1.0.0,cfb_ev_calibration_v1,PROMOTED,cfb_ev_policy_v1,2026-10-10T01:25:38.087Z,Eastern Michigan,,,,,,,,,,,,,,NO_DECISION,NO_DECISION,NO_DECISION,LIMITED_DATA,STALE_QUOTE,,,NONE,NONE
401866437,2026-10-10T19:30:00.000Z,Toledo,Buffalo,edgedesk_cfb_p4_v1.0.0,cfb_ev_calibration_v1,PROMOTED,cfb_ev_policy_v1,2026-10-10T01:25:38.087Z,Toledo,,,,,,,,,,,,,,NO_DECISION,NO_DECISION,NO_DECISION,LIMITED_DATA,STALE_QUOTE,,,NONE,NONE
401866438,2026-10-10T19:30:00.000Z,Ohio,Central Michigan,edgedesk_cfb_p4_v1.0.0,cfb_ev_calibration_v1,PROMOTED,cfb_ev_policy_v1,2026-10-10T01:25:38.087Z,Ohio,,,,,,,,,,,,,,NO_DECISION,NO_DECISION,NO_DECISION,LIMITED_DATA,MARKET_CHECK,,,NONE,NONE
401866439,2026-10-10T19:30:00.000Z,Western Michigan,Kent State,edgedesk_cfb_p4_v1.0.0,cfb_ev_calibration_v1,PROMOTED,cfb_ev_policy_v1,2026-10-10T01:25:38.087Z,Western Michigan,,,,,,,,,,,,,,NO_DECISION,NO_DECISION,NO_DECISION,LIMITED_DATA,STALE_QUOTE,,,NONE,NONE
401861964,2026-10-10T19:45:00.000Z,Temple,UConn,edgedesk_cfb_p4_v1.0.0,cfb_ev_calibration_v1,PROMOTED,cfb_ev_policy_v1,2026-10-10T01:25:38.087Z,Temple,,,,,,,,,,,,,,NO_DECISION,NO_DECISION,NO_DECISION,LIMITED_DATA,STALE_QUOTE,,,NONE,NONE
401858483,2026-10-10T20:15:00.000Z,Ohio State,Maryland,edgedesk_cfb_p4_v1.0.0,cfb_ev_calibration_v1,PROMOTED,cfb_ev_policy_v1,2026-10-10T01:25:38.087Z,Ohio State,,,,,,,,,,,,,,NO_DECISION,NO_DECISION,NO_DECISION,LIMITED_DATA,MARKET_CHECK,,,NONE,NONE
401860902,2026-10-10T22:00:00.000Z,Oregon State,San Diego State,edgedesk_cfb_p4_v1.0.0,cfb_ev_calibration_v1,PROMOTED,cfb_ev_policy_v1,2026-10-10T01:25:38.087Z,San Diego State,,,,,,,,,,,,,,NO_DECISION,NO_DECISION,NO_DECISION,LIMITED_DATA,STALE_QUOTE,,,NONE,NONE
401856715,2026-10-10T23:00:00.000Z,Kentucky,LSU,edgedesk_cfb_p4_v1.0.0,cfb_ev_calibration_v1,PROMOTED,cfb_ev_policy_v1,2026-10-10T01:25:38.087Z,Kentucky,,,,,,,,,,,,,,NO_DECISION,NO_DECISION,NO_DECISION,LIMITED_DATA,STALE_QUOTE,,,NONE,NONE
401862798,2026-10-10T23:00:00.000Z,Memphis,UAB,edgedesk_cfb_p4_v1.0.0,cfb_ev_calibration_v1,PROMOTED,cfb_ev_policy_v1,2026-10-10T01:25:38.087Z,Memphis,,,,,,,,,,,,,,NO_DECISION,NO_DECISION,NO_DECISION,LIMITED_DATA,STALE_QUOTE,,,NONE,NONE
401864517,2026-10-10T23:00:00.000Z,UTEP,Nevada,edgedesk_cfb_p4_v1.0.0,cfb_ev_calibration_v1,PROMOTED,cfb_ev_policy_v1,2026-10-10T01:25:38.087Z,UTEP,,,,,,,,,,,,,,NO_DECISION,NO_DECISION,NO_DECISION,LIMITED_DATA,STALE_QUOTE,,,NONE,NONE
401864518,2026-10-10T23:00:00.000Z,UNLV,North Dakota State,edgedesk_cfb_p4_v1.0.0,cfb_ev_calibration_v1,PROMOTED,cfb_ev_policy_v1,2026-10-10T01:25:38.087Z,UNLV,,,,,,,,,,,,,,NO_DECISION,NO_DECISION,NO_DECISION,LIMITED_DATA,STALE_QUOTE,,,NONE,NONE
401869943,2026-10-10T23:00:00.000Z,Marshall,Coastal Carolina,edgedesk_cfb_p4_v1.0.0,cfb_ev_calibration_v1,PROMOTED,cfb_ev_policy_v1,2026-10-10T01:25:38.087Z,Marshall,,,,,,,,,,,,,,NO_DECISION,NO_DECISION,NO_DECISION,LIMITED_DATA,STALE_QUOTE,,,NONE,NONE
401856712,2026-10-10T23:30:00.000Z,Alabama,Georgia,edgedesk_cfb_p4_v1.0.0,cfb_ev_calibration_v1,PROMOTED,cfb_ev_policy_v1,2026-10-10T01:25:38.087Z,Alabama,,,,,,,,,,,,,,NO_DECISION,NO_DECISION,NO_DECISION,LIMITED_DATA,STALE_QUOTE,,,NONE,NONE
401858485,2026-10-10T23:30:00.000Z,Penn State,USC,edgedesk_cfb_p4_v1.0.0,cfb_ev_calibration_v1,PROMOTED,cfb_ev_policy_v1,2026-10-10T01:25:38.087Z,Penn State,,,,,,,,,,,,,,NO_DECISION,NO_DECISION,NO_DECISION,LIMITED_DATA,STALE_QUOTE,,,NONE,NONE
401864516,2026-10-10T23:30:00.000Z,Northern Illinois,Air Force,edgedesk_cfb_p4_v1.0.0,cfb_ev_calibration_v1,PROMOTED,cfb_ev_policy_v1,2026-10-10T01:25:38.087Z,Air Force,,,,,,,,,,,,,,NO_DECISION,NO_DECISION,NO_DECISION,LIMITED_DATA,STALE_QUOTE,,,NONE,NONE
401869949,2026-10-10T23:30:00.000Z,Georgia Southern,James Madison,edgedesk_cfb_p4_v1.0.0,cfb_ev_calibration_v1,PROMOTED,cfb_ev_policy_v1,2026-10-10T01:25:38.087Z,James Madison,,,,,,,,,,,,,,NO_DECISION,NO_DECISION,NO_DECISION,LIMITED_DATA,STALE_QUOTE,,,NONE,NONE
401869965,2026-10-10T23:30:00.000Z,Louisiana Tech,Louisiana,edgedesk_cfb_p4_v1.0.0,cfb_ev_calibration_v1,PROMOTED,cfb_ev_policy_v1,2026-10-10T01:25:38.087Z,Louisiana Tech,,,,,,,,,,,,,,NO_DECISION,NO_DECISION,NO_DECISION,LIMITED_DATA,STALE_QUOTE,,,NONE,NONE
401858486,2026-10-11T00:00:00.000Z,Purdue,Minnesota,edgedesk_cfb_p4_v1.0.0,cfb_ev_calibration_v1,PROMOTED,cfb_ev_policy_v1,2026-10-10T01:25:38.087Z,Minnesota,,,,,,,,,,,,,,NO_DECISION,NO_DECISION,NO_DECISION,LIMITED_DATA,STALE_QUOTE,,,NONE,NONE
401856808,2026-10-11T01:30:00.000Z,Arizona State,Hawai'i,edgedesk_cfb_p4_v1.0.0,cfb_ev_calibration_v1,PROMOTED,cfb_ev_policy_v1,2026-10-10T01:25:38.087Z,Hawai'i,,,,,,,,,,,,,,NO_DECISION,NO_DECISION,NO_DECISION,LIMITED_DATA,STALE_QUOTE,,,NONE,NONE
401856827,2026-10-11T02:15:00.000Z,Utah,Kansas,edgedesk_cfb_p4_v1.0.0,cfb_ev_calibration_v1,PROMOTED,cfb_ev_policy_v1,2026-10-10T01:25:38.087Z,Utah,,,,,,,,,,,,,,NO_DECISION,NO_DECISION,NO_DECISION,LIMITED_DATA,STALE_QUOTE,,,NONE,NONE
401871054,2026-10-14T23:30:00.000Z,Missouri State,Kennesaw State,edgedesk_cfb_p4_v1.0.0,cfb_ev_calibration_v1,PROMOTED,cfb_ev_policy_v1,2026-10-10T01:25:38.087Z,,,,,,,,,,,,,,,NO_DECISION,NO_DECISION,NO_DECISION,LIMITED_DATA,,,,NONE,NONE
401871068,2026-10-15T00:00:00.000Z,Sam Houston,Western Kentucky,edgedesk_cfb_p4_v1.0.0,cfb_ev_calibration_v1,PROMOTED,cfb_ev_policy_v1,2026-10-10T01:25:38.087Z,,,,,,,,,,,,,,,NO_DECISION,NO_DECISION,NO_DECISION,LIMITED_DATA,,,,NONE,NONE
401862800,2026-10-15T23:30:00.000Z,UAB,East Carolina,edgedesk_cfb_p4_v1.0.0,cfb_ev_calibration_v1,PROMOTED,cfb_ev_policy_v1,2026-10-10T01:25:38.087Z,,,,,,,,,,,,,,,NO_DECISION,NO_DECISION,NO_DECISION,LIMITED_DATA,,,,NONE,NONE
401869950,2026-10-15T23:30:00.000Z,Old Dominion,Georgia Southern,edgedesk_cfb_p4_v1.0.0,cfb_ev_calibration_v1,PROMOTED,cfb_ev_policy_v1,2026-10-10T01:25:38.087Z,,,,,,,,,,,,,,,NO_DECISION,NO_DECISION,NO_DECISION,LIMITED_DATA,,,,NONE,NONE
401862801,2026-10-16T23:30:00.000Z,Tulane,Memphis,edgedesk_cfb_p4_v1.0.0,cfb_ev_calibration_v1,PROMOTED,cfb_ev_policy_v1,2026-10-10T01:25:38.087Z,,,,,,,,,,,,,,,NO_DECISION,NO_DECISION,NO_DECISION,LIMITED_DATA,,,,NONE,NONE
401858493,2026-10-17T00:00:00.000Z,Purdue,Washington,edgedesk_cfb_p4_v1.0.0,cfb_ev_calibration_v1,PROMOTED,cfb_ev_policy_v1,2026-10-10T01:25:38.087Z,,,,,,,,,,,,,,,NO_DECISION,NO_DECISION,NO_DECISION,LIMITED_DATA,,,,NONE,NONE
401869844,2026-10-17T00:00:00.000Z,Coastal Carolina,App State,edgedesk_cfb_p4_v1.0.0,cfb_ev_calibration_v1,PROMOTED,cfb_ev_policy_v1,2026-10-10T01:25:38.087Z,,,,,,,,,,,,,,,NO_DECISION,NO_DECISION,NO_DECISION,LIMITED_DATA,,,,NONE,NONE
401856719,2026-10-17T04:00:00.000Z,Georgia,Auburn,edgedesk_cfb_p4_v1.0.0,cfb_ev_calibration_v1,PROMOTED,cfb_ev_policy_v1,2026-10-10T01:25:38.087Z,Georgia,,,,,,,,,,,,,,NO_DECISION,NO_DECISION,NO_DECISION,LIMITED_DATA,STALE_QUOTE,,,NONE,NONE
401856720,2026-10-17T04:00:00.000Z,LSU,Mississippi State,edgedesk_cfb_p4_v1.0.0,cfb_ev_calibration_v1,PROMOTED,cfb_ev_policy_v1,2026-10-10T01:25:38.087Z,LSU,,,,,,,,,,,,,,NO_DECISION,NO_DECISION,NO_DECISION,LIMITED_DATA,STALE_QUOTE,,,NONE,NONE
401856721,2026-10-17T04:00:00.000Z,Ole Miss,Missouri,edgedesk_cfb_p4_v1.0.0,cfb_ev_calibration_v1,PROMOTED,cfb_ev_policy_v1,2026-10-10T01:25:38.087Z,Missouri,,,,,,,,,,,,,,NO_DECISION,NO_DECISION,NO_DECISION,LIMITED_DATA,STALE_QUOTE,,,NONE,NONE
401856722,2026-10-17T04:00:00.000Z,Oklahoma,Kentucky,edgedesk_cfb_p4_v1.0.0,cfb_ev_calibration_v1,PROMOTED,cfb_ev_policy_v1,2026-10-10T01:25:38.087Z,Oklahoma,,,,,,,,,,,,,,NO_DECISION,NO_DECISION,NO_DECISION,LIMITED_DATA,STALE_QUOTE,,,NONE,NONE
401856723,2026-10-17T04:00:00.000Z,Tennessee,Alabama,edgedesk_cfb_p4_v1.0.0,cfb_ev_calibration_v1,PROMOTED,cfb_ev_policy_v1,2026-10-10T01:25:38.087Z,Alabama,,,,,,,,,,,,,,NO_DECISION,NO_DECISION,NO_DECISION,LIMITED_DATA,STALE_QUOTE,,,NONE,NONE
401856726,2026-10-17T04:00:00.000Z,Vanderbilt,Arkansas,edgedesk_cfb_p4_v1.0.0,cfb_ev_calibration_v1,PROMOTED,cfb_ev_policy_v1,2026-10-10T01:25:38.087Z,,,,,,,,,,,,,,,NO_DECISION,NO_DECISION,NO_DECISION,LIMITED_DATA,,,,NONE,NONE
401856809,2026-10-17T04:00:00.000Z,BYU,Notre Dame,edgedesk_cfb_p4_v1.0.0,cfb_ev_calibration_v1,PROMOTED,cfb_ev_policy_v1,2026-10-10T01:25:38.087Z,BYU,,,,,,,,,,,,,,NO_DECISION,NO_DECISION,NO_DECISION,LIMITED_DATA,STALE_QUOTE,,,NONE,NONE
401856828,2026-10-17T04:00:00.000Z,Texas Tech,Arizona State,edgedesk_cfb_p4_v1.0.0,cfb_ev_calibration_v1,PROMOTED,cfb_ev_policy_v1,2026-10-10T01:25:38.087Z,,,,,,,,,,,,,,,NO_DECISION,NO_DECISION,NO_DECISION,LIMITED_DATA,,,,NONE,NONE
401856829,2026-10-17T04:00:00.000Z,West Virginia,Cincinnati,edgedesk_cfb_p4_v1.0.0,cfb_ev_calibration_v1,PROMOTED,cfb_ev_policy_v1,2026-10-10T01:25:38.087Z,,,,,,,,,,,,,,,NO_DECISION,NO_DECISION,NO_DECISION,LIMITED_DATA,,,,NONE,NONE
401856830,2026-10-17T04:00:00.000Z,Kansas State,Kansas,edgedesk_cfb_p4_v1.0.0,cfb_ev_calibration_v1,PROMOTED,cfb_ev_policy_v1,2026-10-10T01:25:38.087Z,Kansas,,,,,,,,,,,,,,NO_DECISION,NO_DECISION,NO_DECISION,LIMITED_DATA,STALE_QUOTE,,,NONE,NONE
401856831,2026-10-17T04:00:00.000Z,Houston,Oklahoma State,edgedesk_cfb_p4_v1.0.0,cfb_ev_calibration_v1,PROMOTED,cfb_ev_policy_v1,2026-10-10T01:25:38.087Z,Houston,,,,,,,,,,,,,,NO_DECISION,NO_DECISION,NO_DECISION,LIMITED_DATA,,,,NONE,NONE
401856832,2026-10-17T04:00:00.000Z,Baylor,TCU,edgedesk_cfb_p4_v1.0.0,cfb_ev_calibration_v1,PROMOTED,cfb_ev_policy_v1,2026-10-10T01:25:38.087Z,,,,,,,,,,,,,,,NO_DECISION,NO_DECISION,NO_DECISION,LIMITED_DATA,,,,NONE,NONE
401856833,2026-10-17T04:00:00.000Z,Colorado,Utah,edgedesk_cfb_p4_v1.0.0,cfb_ev_calibration_v1,PROMOTED,cfb_ev_policy_v1,2026-10-10T01:25:38.087Z,,,,,,,,,,,,,,,NO_DECISION,NO_DECISION,NO_DECISION,LIMITED_DATA,,,,NONE,NONE
401858261,2026-10-17T04:00:00.000Z,Clemson,Charleston Southern,edgedesk_cfb_p4_v1.0.0,cfb_ev_calibration_v1,PROMOTED,cfb_ev_policy_v1,2026-10-10T01:25:38.087Z,,,,,,,,,,,,,,,NO_DECISION,NO_DECISION,NO_DECISION,LIMITED_DATA,,,,NONE,NONE
401858263,2026-10-17T04:00:00.000Z,Miami,Florida State,edgedesk_cfb_p4_v1.0.0,cfb_ev_calibration_v1,PROMOTED,cfb_ev_policy_v1,2026-10-10T01:25:38.087Z,Miami,,,,,,,,,,,,,,NO_DECISION,NO_DECISION,NO_DECISION,LIMITED_DATA,STALE_QUOTE,,,NONE,NONE
401858264,2026-10-17T04:00:00.000Z,Virginia Tech,Georgia Tech,edgedesk_cfb_p4_v1.0.0,cfb_ev_calibration_v1,PROMOTED,cfb_ev_policy_v1,2026-10-10T01:25:38.087Z,,,,,,,,,,,,,,,NO_DECISION,NO_DECISION,NO_DECISION,LIMITED_DATA,,,,NONE,NONE
401858265,2026-10-17T04:00:00.000Z,Syracuse,Louisville,edgedesk_cfb_p4_v1.0.0,cfb_ev_calibration_v1,PROMOTED,cfb_ev_policy_v1,2026-10-10T01:25:38.087Z,,,,,,,,,,,,,,,NO_DECISION,NO_DECISION,NO_DECISION,LIMITED_DATA,,,,NONE,NONE
401858266,2026-10-17T04:00:00.000Z,Duke,North Carolina,edgedesk_cfb_p4_v1.0.0,cfb_ev_calibration_v1,PROMOTED,cfb_ev_policy_v1,2026-10-10T01:25:38.087Z,Duke,,,,,,,,,,,,,,NO_DECISION,NO_DECISION,NO_DECISION,LIMITED_DATA,STALE_QUOTE,,,NONE,NONE
401858267,2026-10-17T04:00:00.000Z,Boston College,Pittsburgh,edgedesk_cfb_p4_v1.0.0,cfb_ev_calibration_v1,PROMOTED,cfb_ev_policy_v1,2026-10-10T01:25:38.087Z,,,,,,,,,,,,,,,NO_DECISION,NO_DECISION,NO_DECISION,LIMITED_DATA,,,,NONE,NONE
401858268,2026-10-17T04:00:00.000Z,SMU,Virginia,edgedesk_cfb_p4_v1.0.0,cfb_ev_calibration_v1,PROMOTED,cfb_ev_policy_v1,2026-10-10T01:25:38.087Z,,,,,,,,,,,,,,,NO_DECISION,NO_DECISION,NO_DECISION,LIMITED_DATA,,,,NONE,NONE
401858269,2026-10-17T04:00:00.000Z,California,Wake Forest,edgedesk_cfb_p4_v1.0.0,cfb_ev_calibration_v1,PROMOTED,cfb_ev_policy_v1,2026-10-10T01:25:38.087Z,,,,,,,,,,,,,,,NO_DECISION,NO_DECISION,NO_DECISION,LIMITED_DATA,,,,NONE,NONE
401858488,2026-10-17T04:00:00.000Z,Indiana,Ohio State,edgedesk_cfb_p4_v1.0.0,cfb_ev_calibration_v1,PROMOTED,cfb_ev_policy_v1,2026-10-10T01:25:38.087Z,Indiana,,,,,,,,,,,,,,NO_DECISION,NO_DECISION,NO_DECISION,LIMITED_DATA,STALE_QUOTE,,,NONE,NONE
401858489,2026-10-17T04:00:00.000Z,Maryland,Rutgers,edgedesk_cfb_p4_v1.0.0,cfb_ev_calibration_v1,PROMOTED,cfb_ev_policy_v1,2026-10-10T01:25:38.087Z,,,,,,,,,,,,,,,NO_DECISION,NO_DECISION,NO_DECISION,LIMITED_DATA,,,,NONE,NONE
401858490,2026-10-17T04:00:00.000Z,Michigan,Penn State,edgedesk_cfb_p4_v1.0.0,cfb_ev_calibration_v1,PROMOTED,cfb_ev_policy_v1,2026-10-10T01:25:38.087Z,Penn State,,,,,,,,,,,,,,NO_DECISION,NO_DECISION,NO_DECISION,LIMITED_DATA,,,,NONE,NONE
401858491,2026-10-17T04:00:00.000Z,Michigan State,Northwestern,edgedesk_cfb_p4_v1.0.0,cfb_ev_calibration_v1,PROMOTED,cfb_ev_policy_v1,2026-10-10T01:25:38.087Z,,,,,,,,,,,,,,,NO_DECISION,NO_DECISION,NO_DECISION,LIMITED_DATA,,,,NONE,NONE
401858492,2026-10-17T04:00:00.000Z,Oregon,Nebraska,edgedesk_cfb_p4_v1.0.0,cfb_ev_calibration_v1,PROMOTED,cfb_ev_policy_v1,2026-10-10T01:25:38.087Z,Nebraska,,,,,,,,,,,,,,NO_DECISION,NO_DECISION,NO_DECISION,LIMITED_DATA,,,,NONE,NONE
401858494,2026-10-17T04:00:00.000Z,UCLA,Wisconsin,edgedesk_cfb_p4_v1.0.0,cfb_ev_calibration_v1,PROMOTED,cfb_ev_policy_v1,2026-10-10T01:25:38.087Z,UCLA,,,,,,,,,,,,,,NO_DECISION,NO_DECISION,NO_DECISION,LIMITED_DATA,STALE_QUOTE,,,NONE,NONE
401862803,2026-10-17T04:00:00.000Z,Temple,Charlotte,edgedesk_cfb_p4_v1.0.0,cfb_ev_calibration_v1,PROMOTED,cfb_ev_policy_v1,2026-10-10T01:25:38.087Z,,,,,,,,,,,,,,,NO_DECISION,NO_DECISION,NO_DECISION,LIMITED_DATA,,,,NONE,NONE
401862804,2026-10-17T04:00:00.000Z,UTSA,Navy,edgedesk_cfb_p4_v1.0.0,cfb_ev_calibration_v1,PROMOTED,cfb_ev_policy_v1,2026-10-10T01:25:38.087Z,,,,,,,,,,,,,,,NO_DECISION,NO_DECISION,NO_DECISION,LIMITED_DATA,,,,NONE,NONE
401862805,2026-10-17T04:00:00.000Z,Rice,Tulsa,edgedesk_cfb_p4_v1.0.0,cfb_ev_calibration_v1,PROMOTED,cfb_ev_policy_v1,2026-10-10T01:25:38.087Z,,,,,,,,,,,,,,,NO_DECISION,NO_DECISION,NO_DECISION,LIMITED_DATA,,,,NONE,NONE
401862806,2026-10-17T04:00:00.000Z,South Florida,Kent State,edgedesk_cfb_p4_v1.0.0,cfb_ev_calibration_v1,PROMOTED,cfb_ev_policy_v1,2026-10-10T01:25:38.087Z,,,,,,,,,,,,,,,NO_DECISION,NO_DECISION,NO_DECISION,LIMITED_DATA,,,,NONE,NONE
401864521,2026-10-17T04:00:00.000Z,Hawai'i,New Mexico,edgedesk_cfb_p4_v1.0.0,cfb_ev_calibration_v1,PROMOTED,cfb_ev_policy_v1,2026-10-10T01:25:38.087Z,,,,,,,,,,,,,,,NO_DECISION,NO_DECISION,NO_DECISION,LIMITED_DATA,,,,NONE,NONE
401866441,2026-10-17T04:00:00.000Z,Bowling Green,Ball State,edgedesk_cfb_p4_v1.0.0,cfb_ev_calibration_v1,PROMOTED,cfb_ev_policy_v1,2026-10-10T01:25:38.087Z,,,,,,,,,,,,,,,NO_DECISION,NO_DECISION,NO_DECISION,LIMITED_DATA,,,,NONE,NONE
401866442,2026-10-17T04:00:00.000Z,Buffalo,Massachusetts,edgedesk_cfb_p4_v1.0.0,cfb_ev_calibration_v1,PROMOTED,cfb_ev_policy_v1,2026-10-10T01:25:38.087Z,,,,,,,,,,,,,,,NO_DECISION,NO_DECISION,NO_DECISION,LIMITED_DATA,,,,NONE,NONE
401866443,2026-10-17T04:00:00.000Z,Central Michigan,Western Michigan,edgedesk_cfb_p4_v1.0.0,cfb_ev_calibration_v1,PROMOTED,cfb_ev_policy_v1,2026-10-10T01:25:38.087Z,,,,,,,,,,,,,,,NO_DECISION,NO_DECISION,NO_DECISION,LIMITED_DATA,,,,NONE,NONE
401866444,2026-10-17T04:00:00.000Z,Eastern Michigan,Toledo,edgedesk_cfb_p4_v1.0.0,cfb_ev_calibration_v1,PROMOTED,cfb_ev_policy_v1,2026-10-10T01:25:38.087Z,,,,,,,,,,,,,,,NO_DECISION,NO_DECISION,NO_DECISION,LIMITED_DATA,,,,NONE,NONE
401866445,2026-10-17T04:00:00.000Z,Sacramento State,Ohio,edgedesk_cfb_p4_v1.0.0,cfb_ev_calibration_v1,PROMOTED,cfb_ev_policy_v1,2026-10-10T01:25:38.087Z,,,,,,,,,,,,,,,NO_DECISION,NO_DECISION,NO_DECISION,LIMITED_DATA,,,,NONE,NONE
401866478,2026-10-17T04:00:00.000Z,Miami (OH),Akron,edgedesk_cfb_p4_v1.0.0,cfb_ev_calibration_v1,PROMOTED,cfb_ev_policy_v1,2026-10-10T01:25:38.087Z,,,,,,,,,,,,,,,NO_DECISION,NO_DECISION,NO_DECISION,LIMITED_DATA,,,,NONE,NONE
401869934,2026-10-17T04:00:00.000Z,Southern Miss,Arkansas State,edgedesk_cfb_p4_v1.0.0,cfb_ev_calibration_v1,PROMOTED,cfb_ev_policy_v1,2026-10-10T01:25:38.087Z,,,,,,,,,,,,,,,NO_DECISION,NO_DECISION,NO_DECISION,LIMITED_DATA,,,,NONE,NONE
401869957,2026-10-17T04:00:00.000Z,James Madison,Georgia State,edgedesk_cfb_p4_v1.0.0,cfb_ev_calibration_v1,PROMOTED,cfb_ev_policy_v1,2026-10-10T01:25:38.087Z,,,,,,,,,,,,,,,NO_DECISION,NO_DECISION,NO_DECISION,LIMITED_DATA,,,,NONE,NONE
401869966,2026-10-17T04:00:00.000Z,Louisiana,Troy,edgedesk_cfb_p4_v1.0.0,cfb_ev_calibration_v1,PROMOTED,cfb_ev_policy_v1,2026-10-10T01:25:38.087Z,,,,,,,,,,,,,,,NO_DECISION,NO_DECISION,NO_DECISION,LIMITED_DATA,,,,NONE,NONE
401871091,2026-10-17T04:00:00.000Z,UL Monroe,Louisiana Tech,edgedesk_cfb_p4_v1.0.0,cfb_ev_calibration_v1,PROMOTED,cfb_ev_policy_v1,2026-10-10T01:25:38.087Z,,,,,,,,,,,,,,,NO_DECISION,NO_DECISION,NO_DECISION,LIMITED_DATA,,,,NONE,NONE
401862802,2026-10-17T16:00:00.000Z,Army,Florida Atlantic,edgedesk_cfb_p4_v1.0.0,cfb_ev_calibration_v1,PROMOTED,cfb_ev_policy_v1,2026-10-10T01:25:38.087Z,,,,,,,,,,,,,,,NO_DECISION,NO_DECISION,NO_DECISION,LIMITED_DATA,,,,NONE,NONE
401856725,2026-10-17T17:00:00.000Z,Texas A&M,The Citadel,edgedesk_cfb_p4_v1.0.0,cfb_ev_calibration_v1,PROMOTED,cfb_ev_policy_v1,2026-10-10T01:25:38.087Z,,,,,,,,,,,,,,,NO_DECISION,NO_DECISION,NO_DECISION,LIMITED_DATA,,,,NONE,NONE
401864522,2026-10-17T19:30:00.000Z,Wyoming,Northern Illinois,edgedesk_cfb_p4_v1.0.0,cfb_ev_calibration_v1,PROMOTED,cfb_ev_policy_v1,2026-10-10T01:25:38.087Z,,,,,,,,,,,,,,,NO_DECISION,NO_DECISION,NO_DECISION,LIMITED_DATA,,,,NONE,NONE
401864524,2026-10-17T19:30:00.000Z,Air Force,UNLV,edgedesk_cfb_p4_v1.0.0,cfb_ev_calibration_v1,PROMOTED,cfb_ev_policy_v1,2026-10-10T01:25:38.087Z,,,,,,,,,,,,,,,NO_DECISION,NO_DECISION,NO_DECISION,LIMITED_DATA,,,,NONE,NONE
401860903,2026-10-17T22:00:00.000Z,Oregon State,Washington State,edgedesk_cfb_p4_v1.0.0,cfb_ev_calibration_v1,PROMOTED,cfb_ev_policy_v1,2026-10-10T01:25:38.087Z,,,,,,,,,,,,,,,NO_DECISION,NO_DECISION,NO_DECISION,LIMITED_DATA,,,,NONE,NONE
401864520,2026-10-17T23:00:00.000Z,North Dakota State,Nevada,edgedesk_cfb_p4_v1.0.0,cfb_ev_calibration_v1,PROMOTED,cfb_ev_policy_v1,2026-10-10T01:25:38.087Z,,,,,,,,,,,,,,,NO_DECISION,NO_DECISION,NO_DECISION,LIMITED_DATA,,,,NONE,NONE
401858262,2026-10-17T23:30:00.000Z,Stanford,Elon,edgedesk_cfb_p4_v1.0.0,cfb_ev_calibration_v1,PROMOTED,cfb_ev_policy_v1,2026-10-10T01:25:38.087Z,,,,,,,,,,,,,,,NO_DECISION,NO_DECISION,NO_DECISION,LIMITED_DATA,,,,NONE,NONE
401864523,2026-10-18T01:00:00.000Z,UTEP,San José State,edgedesk_cfb_p4_v1.0.0,cfb_ev_calibration_v1,PROMOTED,cfb_ev_policy_v1,2026-10-10T01:25:38.087Z,,,,,,,,,,,,,,,NO_DECISION,NO_DECISION,NO_DECISION,LIMITED_DATA,,,,NONE,NONE
401860904,2026-10-18T02:30:00.000Z,San Diego State,Fresno State,edgedesk_cfb_p4_v1.0.0,cfb_ev_calibration_v1,PROMOTED,cfb_ev_policy_v1,2026-10-10T01:25:38.087Z,,,,,,,,,,,,,,,NO_DECISION,NO_DECISION,NO_DECISION,LIMITED_DATA,,,,NONE,NONE
