game_id,kickoff,home,away,team,side,market_type,spread,american_odds,decimal_odds,sportsbook,captured_at,quote_age_minutes,quote_status,model_cover_probability,model_push_probability,model_loss_probability,break_even_probability,probability_edge_pp,expected_value_pct,model_fair_odds,calibrated_expected_value_pct,calibration_status,ev_available,ev_state,ev_unavailable_reason,tail,dominated,decision_status,model_version,projection_timestamp,flags
401866438,2026-10-10T19:30:00.000Z,Ohio,Central Michigan,Ohio,home,spread,-2.5,-118,1.847458,draftkings,2026-10-10T17:07:25.000Z,0.2,FRESH,0.647247,0,0.352753,0.541284,10.596,19.576,-183,-7.627,CALIBRATED · SHADOW,true,RAW_UNVERIFIED,,MAIN_LINE,false,NOT_EVALUATED,edgedesk_cfb_p4_v1.0.0,2026-10-10T15:36:23.322Z,LARGE_EV_QB_UNRESOLVED
401866438,2026-10-10T19:30:00.000Z,Ohio,Central Michigan,Central Michigan,away,spread,2.5,-102,1.980392,draftkings,2026-10-10T17:07:25.000Z,0.2,FRESH,0.352753,0,0.647247,0.50495,-15.22,-30.141,183,-0.981,CALIBRATED · SHADOW,true,RAW_UNVERIFIED,,MAIN_LINE,false,PASS,edgedesk_cfb_p4_v1.0.0,2026-10-10T15:36:23.322Z,
401856715,2026-10-10T23:00:00.000Z,Kentucky,LSU,Kentucky,home,spread,9.5,-110,1.909091,draftkings,2026-10-10T15:07:25.000Z,120.2,STALE,,,,,,,,,,false,UNAVAILABLE,quote stale — captured 2h ago,,false,NO_DECISION,edgedesk_cfb_p4_v1.0.0,2026-10-10T15:36:23.322Z,
401856715,2026-10-10T23:00:00.000Z,Kentucky,LSU,LSU,away,spread,-9.5,-110,1.909091,draftkings,2026-10-10T15:07:25.000Z,120.2,STALE,,,,,,,,,,false,UNAVAILABLE,quote stale — captured 2h ago,,false,NO_DECISION,edgedesk_cfb_p4_v1.0.0,2026-10-10T15:36:23.322Z,
401862797,2026-10-10T20:00:00.000Z,East Carolina,Rice,East Carolina,home,spread,-10,-108,1.925926,draftkings,2026-10-10T16:07:32.000Z,60.1,STALE,,,,,,,,,,false,UNAVAILABLE,quote stale — captured 1h ago,,false,NO_DECISION,edgedesk_cfb_p4_v1.0.0,2026-10-10T15:36:23.322Z,
401862797,2026-10-10T20:00:00.000Z,East Carolina,Rice,Rice,away,spread,10,-112,1.892857,draftkings,2026-10-10T16:07:32.000Z,60.1,STALE,,,,,,,,,,false,UNAVAILABLE,quote stale — captured 1h ago,,false,NO_DECISION,edgedesk_cfb_p4_v1.0.0,2026-10-10T15:36:23.322Z,
401856721,2026-10-17T04:00:00.000Z,Ole Miss,Missouri,Ole Miss,home,spread,-6.5,-110,1.909091,draftkings,2026-10-09T21:07:31.000Z,1200.1,STALE,,,,,,,,,,false,UNAVAILABLE,quote stale — captured 20h ago,,false,NO_DECISION,edgedesk_cfb_p4_v1.0.0,2026-10-10T15:36:23.322Z,
401856721,2026-10-17T04:00:00.000Z,Ole Miss,Missouri,Missouri,away,spread,6.5,-110,1.909091,draftkings,2026-10-09T21:07:31.000Z,1200.1,STALE,,,,,,,,,,false,UNAVAILABLE,quote stale — captured 20h ago,,false,NO_DECISION,edgedesk_cfb_p4_v1.0.0,2026-10-10T15:36:23.322Z,
401856724,2026-10-17T04:00:00.000Z,Texas,Florida,Texas,home,spread,-8.5,-115,1.869565,draftkings,2026-10-10T01:21:22.000Z,946.3,STALE,,,,,,,,,,false,UNAVAILABLE,market integrity check failed — two current numbers for one book disagree,,false,NO_DECISION,edgedesk_cfb_p4_v1.0.0,2026-10-10T15:36:23.322Z,
401856724,2026-10-17T04:00:00.000Z,Texas,Florida,Florida,away,spread,8.5,-105,1.952381,draftkings,2026-10-10T01:21:22.000Z,946.3,STALE,,,,,,,,,,false,UNAVAILABLE,market integrity check failed — two current numbers for one book disagree,,false,NO_DECISION,edgedesk_cfb_p4_v1.0.0,2026-10-10T15:36:23.322Z,
401856712,2026-10-10T23:30:00.000Z,Alabama,Georgia,Alabama,home,spread,-2.5,-110,1.909091,draftkings,2026-10-10T14:42:00.000Z,145.6,FRESH,0.58662,0,0.41338,0.52381,6.281,11.991,-142,-4.545,CALIBRATED · SHADOW,true,AVAILABLE,,MAIN_LINE,false,PASS,edgedesk_cfb_p4_v1.0.0,2026-10-10T15:36:23.322Z,
401856712,2026-10-10T23:30:00.000Z,Alabama,Georgia,Georgia,away,spread,2.5,-110,1.909091,draftkings,2026-10-10T14:42:00.000Z,145.6,FRESH,0.41338,0,0.58662,0.52381,-11.043,-21.082,142,-4.546,CALIBRATED · SHADOW,true,AVAILABLE,,MAIN_LINE,false,NOT_EVALUATED,edgedesk_cfb_p4_v1.0.0,2026-10-10T15:36:23.322Z,
401864518,2026-10-10T23:00:00.000Z,UNLV,North Dakota State,UNLV,home,spread,2.5,-115,1.869565,draftkings,2026-10-10T17:07:25.000Z,0.2,FRESH,0.567531,0,0.432469,0.534884,3.265,6.104,-131,-6.522,CALIBRATED · SHADOW,true,AVAILABLE,,MAIN_LINE,false,NOT_EVALUATED,edgedesk_cfb_p4_v1.0.0,2026-10-10T15:36:23.322Z,
401864518,2026-10-10T23:00:00.000Z,UNLV,North Dakota State,North Dakota State,away,spread,-2.5,-105,1.952381,draftkings,2026-10-10T17:07:25.000Z,0.2,FRESH,0.432469,0,0.567531,0.512195,-7.973,-15.566,131,-2.381,CALIBRATED · SHADOW,true,AVAILABLE,,MAIN_LINE,false,PASS,edgedesk_cfb_p4_v1.0.0,2026-10-10T15:36:23.322Z,
401862796,2026-10-10T19:30:00.000Z,North Texas,Charlotte,North Texas,home,spread,-27.5,-110,1.909091,draftkings,2026-10-10T17:07:25.000Z,0.2,FRESH,0.635418,0,0.364582,0.52381,11.161,21.307,-174,-4.546,CALIBRATED · SHADOW,true,RAW_UNVERIFIED,,MAIN_LINE,false,PASS,edgedesk_cfb_p4_v1.0.0,2026-10-10T15:36:23.322Z,
401862796,2026-10-10T19:30:00.000Z,North Texas,Charlotte,Charlotte,away,spread,27.5,-110,1.909091,draftkings,2026-10-10T17:07:25.000Z,0.2,FRESH,0.364582,0,0.635418,0.52381,-15.923,-30.398,174,-4.545,CALIBRATED · SHADOW,true,RAW_UNVERIFIED,,MAIN_LINE,false,NOT_EVALUATED,edgedesk_cfb_p4_v1.0.0,2026-10-10T15:36:23.322Z,
401866440,2026-10-10T18:00:00.000Z,Massachusetts,Miami (OH),Massachusetts,home,spread,6.5,-112,1.892857,draftkings,2026-10-10T17:07:25.000Z,0.2,FRESH,0.57748,0,0.42252,0.528302,4.918,9.309,-137,-5.357,CALIBRATED · SHADOW,true,AVAILABLE,,MAIN_LINE,false,NOT_EVALUATED,edgedesk_cfb_p4_v1.0.0,2026-10-10T15:36:23.322Z,
401866440,2026-10-10T18:00:00.000Z,Massachusetts,Miami (OH),Miami (OH),away,spread,-6.5,-108,1.925926,draftkings,2026-10-10T17:07:25.000Z,0.2,FRESH,0.42252,0,0.57748,0.519231,-9.671,-18.626,137,-3.704,CALIBRATED · SHADOW,true,AVAILABLE,,MAIN_LINE,false,PASS,edgedesk_cfb_p4_v1.0.0,2026-10-10T15:36:23.322Z,
401862799,2026-10-10T19:30:00.000Z,Navy,Tulsa,Navy,home,spread,-3,-112,1.892857,draftkings,2026-10-10T17:07:25.000Z,0.2,FRESH,0.66835,0.061037,0.311407,0.528302,14.005,24.891,-202,-5,CALIBRATED · SHADOW,true,RAW_UNVERIFIED,,MAIN_LINE,false,NOT_EVALUATED,edgedesk_cfb_p4_v1.0.0,2026-10-10T15:36:23.322Z,LARGE_EV_QB_UNRESOLVED
401862799,2026-10-10T19:30:00.000Z,Navy,Tulsa,Tulsa,away,spread,3,-108,1.925926,draftkings,2026-10-10T17:07:25.000Z,0.2,FRESH,0.33165,0.061037,0.627556,0.519231,-18.758,-33.922,202,-3.457,CALIBRATED · SHADOW,true,RAW_UNVERIFIED,,MAIN_LINE,false,PASS,edgedesk_cfb_p4_v1.0.0,2026-10-10T15:36:23.322Z,
401858483,2026-10-10T20:15:00.000Z,Ohio State,Maryland,Ohio State,home,spread,-33.5,-108,1.925926,draftkings,2026-10-09T21:15:16.000Z,1192.4,STALE,,,,,,,,,,false,UNAVAILABLE,quote stale — captured 20h ago,,false,NO_DECISION,edgedesk_cfb_p4_v1.0.0,2026-10-10T15:36:23.322Z,
401858483,2026-10-10T20:15:00.000Z,Ohio State,Maryland,Maryland,away,spread,33.5,-112,1.892857,draftkings,2026-10-09T21:15:16.000Z,1192.4,STALE,,,,,,,,,,false,UNAVAILABLE,quote stale — captured 20h ago,,false,NO_DECISION,edgedesk_cfb_p4_v1.0.0,2026-10-10T15:36:23.322Z,
401864516,2026-10-10T23:30:00.000Z,Northern Illinois,Air Force,Northern Illinois,home,spread,7,-108,1.925926,draftkings,2026-10-10T14:07:27.000Z,180.2,STALE,,,,,,,,,,false,UNAVAILABLE,quote stale — captured 3h ago,,false,NO_DECISION,edgedesk_cfb_p4_v1.0.0,2026-10-10T15:36:23.322Z,
401864516,2026-10-10T23:30:00.000Z,Northern Illinois,Air Force,Air Force,away,spread,-7,-112,1.892857,draftkings,2026-10-10T14:07:27.000Z,180.2,STALE,,,,,,,,,,false,UNAVAILABLE,quote stale — captured 3h ago,,false,NO_DECISION,edgedesk_cfb_p4_v1.0.0,2026-10-10T15:36:23.322Z,
401866437,2026-10-10T19:30:00.000Z,Toledo,Buffalo,Toledo,home,spread,-18.5,-112,1.892857,draftkings,2026-10-09T20:07:30.000Z,1260.1,STALE,,,,,,,,,,false,UNAVAILABLE,quote stale — captured 21h ago,,false,NO_DECISION,edgedesk_cfb_p4_v1.0.0,2026-10-10T15:36:23.322Z,
401866437,2026-10-10T19:30:00.000Z,Toledo,Buffalo,Buffalo,away,spread,18.5,-108,1.925926,draftkings,2026-10-09T20:07:30.000Z,1260.1,STALE,,,,,,,,,,false,UNAVAILABLE,quote stale — captured 21h ago,,false,NO_DECISION,edgedesk_cfb_p4_v1.0.0,2026-10-10T15:36:23.322Z,
401858485,2026-10-10T23:30:00.000Z,Penn State,USC,Penn State,home,spread,-1.5,-110,1.909091,draftkings,2026-10-10T16:07:32.000Z,60.1,FRESH,0.600638,0,0.399362,0.52381,7.683,14.667,-150,-4.545,CALIBRATED · SHADOW,true,RAW_UNVERIFIED,,MAIN_LINE,false,PASS,edgedesk_cfb_p4_v1.0.0,2026-10-10T15:36:23.322Z,
401858485,2026-10-10T23:30:00.000Z,Penn State,USC,USC,away,spread,1.5,-110,1.909091,draftkings,2026-10-10T16:07:32.000Z,60.1,FRESH,0.399362,0,0.600638,0.52381,-12.445,-23.758,150,-4.546,CALIBRATED · SHADOW,true,RAW_UNVERIFIED,,MAIN_LINE,false,NOT_EVALUATED,edgedesk_cfb_p4_v1.0.0,2026-10-10T15:36:23.322Z,
401860902,2026-10-10T22:00:00.000Z,Oregon State,San Diego State,Oregon State,home,spread,-16.5,-108,1.925926,draftkings,2026-10-09T20:07:30.000Z,1260.1,STALE,,,,,,,,,,false,UNAVAILABLE,quote stale — captured 21h ago,,false,NO_DECISION,edgedesk_cfb_p4_v1.0.0,2026-10-10T15:36:23.322Z,
401860902,2026-10-10T22:00:00.000Z,Oregon State,San Diego State,San Diego State,away,spread,16.5,-112,1.892857,draftkings,2026-10-09T20:07:30.000Z,1260.1,STALE,,,,,,,,,,false,UNAVAILABLE,quote stale — captured 21h ago,,false,NO_DECISION,edgedesk_cfb_p4_v1.0.0,2026-10-10T15:36:23.322Z,
401856808,2026-10-11T01:30:00.000Z,Arizona State,Hawai'i,Arizona State,home,spread,-21,-105,1.952381,draftkings,2026-10-10T17:07:25.000Z,0.2,FRESH,0.281079,0.036865,0.692418,0.512195,-23.112,-43.459,256,-2.279,CALIBRATED · SHADOW,true,RAW_UNVERIFIED,,MAIN_LINE,false,PASS,edgedesk_cfb_p4_v1.0.0,2026-10-10T15:36:23.322Z,
401856808,2026-10-11T01:30:00.000Z,Arizona State,Hawai'i,Hawai'i,away,spread,21,-115,1.869565,draftkings,2026-10-10T17:07:25.000Z,0.2,FRESH,0.718921,0.036865,0.270717,0.534884,18.404,33.139,-256,-6.242,CALIBRATED · SHADOW,true,RAW_UNVERIFIED,,MAIN_LINE,false,NOT_EVALUATED,edgedesk_cfb_p4_v1.0.0,2026-10-10T15:36:23.322Z,EV_OVER_25
401871053,2026-10-14T00:00:00.000Z,Jacksonville State,Florida International,Jacksonville State,home,spread,-3,,,draftkings,2026-10-10T01:21:22.000Z,946.3,STALE,,,,,,,,,,false,UNAVAILABLE,no price on this quote,,false,NO_DECISION,edgedesk_cfb_p4_v1.0.0,2026-10-10T15:36:23.322Z,
401871053,2026-10-14T00:00:00.000Z,Jacksonville State,Florida International,Florida International,away,spread,3,,,draftkings,2026-10-10T01:21:22.000Z,946.3,STALE,,,,,,,,,,false,UNAVAILABLE,no price on this quote,,false,NO_DECISION,edgedesk_cfb_p4_v1.0.0,2026-10-10T15:36:23.322Z,
401864517,2026-10-10T23:00:00.000Z,UTEP,Nevada,UTEP,home,spread,10,-112,1.892857,draftkings,2026-10-10T14:07:27.000Z,180.2,STALE,,,,,,,,,,false,UNAVAILABLE,quote stale — captured 3h ago,,false,NO_DECISION,edgedesk_cfb_p4_v1.0.0,2026-10-10T15:36:23.322Z,
401864517,2026-10-10T23:00:00.000Z,UTEP,Nevada,Nevada,away,spread,-10,-108,1.925926,draftkings,2026-10-10T14:07:27.000Z,180.2,STALE,,,,,,,,,,false,UNAVAILABLE,quote stale — captured 3h ago,,false,NO_DECISION,edgedesk_cfb_p4_v1.0.0,2026-10-10T15:36:23.322Z,
401858484,2026-10-10T19:30:00.000Z,Oregon,UCLA,Oregon,home,spread,-10.5,-105,1.952381,draftkings,2026-10-10T16:07:32.000Z,60.1,STALE,,,,,,,,,,false,UNAVAILABLE,quote stale — captured 1h ago,,false,NO_DECISION,edgedesk_cfb_p4_v1.0.0,2026-10-10T15:36:23.322Z,
401858484,2026-10-10T19:30:00.000Z,Oregon,UCLA,UCLA,away,spread,10.5,-115,1.869565,draftkings,2026-10-10T16:07:32.000Z,60.1,STALE,,,,,,,,,,false,UNAVAILABLE,quote stale — captured 1h ago,,false,NO_DECISION,edgedesk_cfb_p4_v1.0.0,2026-10-10T15:36:23.322Z,
401869943,2026-10-10T23:00:00.000Z,Marshall,Coastal Carolina,Marshall,home,spread,-4.5,-108,1.925926,draftkings,2026-10-10T14:07:27.000Z,180.2,STALE,,,,,,,,,,false,UNAVAILABLE,quote stale — captured 3h ago,,false,NO_DECISION,edgedesk_cfb_p4_v1.0.0,2026-10-10T15:36:23.322Z,
401869943,2026-10-10T23:00:00.000Z,Marshall,Coastal Carolina,Coastal Carolina,away,spread,4.5,-112,1.892857,draftkings,2026-10-10T14:07:27.000Z,180.2,STALE,,,,,,,,,,false,UNAVAILABLE,quote stale — captured 3h ago,,false,NO_DECISION,edgedesk_cfb_p4_v1.0.0,2026-10-10T15:36:23.322Z,
401860901,2026-10-11T02:30:00.000Z,Fresno State,Boise State,Fresno State,home,spread,7.5,-108,1.925926,draftkings,2026-10-10T16:07:32.000Z,60.1,FRESH,0.717289,0,0.282711,0.519231,19.806,38.145,-254,-3.704,CALIBRATED · SHADOW,true,RAW_UNVERIFIED,,MAIN_LINE,false,PASS,edgedesk_cfb_p4_v1.0.0,2026-10-10T15:36:23.322Z,EV_OVER_25|LARGE_EV_QB_UNRESOLVED
401860901,2026-10-11T02:30:00.000Z,Fresno State,Boise State,Boise State,away,spread,-7.5,-112,1.892857,draftkings,2026-10-10T16:07:32.000Z,60.1,FRESH,0.282711,0,0.717289,0.528302,-24.559,-46.487,254,-5.357,CALIBRATED · SHADOW,true,RAW_UNVERIFIED,,MAIN_LINE,false,NOT_EVALUATED,edgedesk_cfb_p4_v1.0.0,2026-10-10T15:36:23.322Z,
401858486,2026-10-11T00:00:00.000Z,Purdue,Minnesota,Purdue,home,spread,2.5,-105,1.952381,draftkings,2026-10-09T19:07:33.000Z,1320.1,STALE,,,,,,,,,,false,UNAVAILABLE,quote stale — captured 22h ago,,false,NO_DECISION,edgedesk_cfb_p4_v1.0.0,2026-10-10T15:36:23.322Z,
401858486,2026-10-11T00:00:00.000Z,Purdue,Minnesota,Minnesota,away,spread,-2.5,-115,1.869565,draftkings,2026-10-09T19:07:33.000Z,1320.1,STALE,,,,,,,,,,false,UNAVAILABLE,quote stale — captured 22h ago,,false,NO_DECISION,edgedesk_cfb_p4_v1.0.0,2026-10-10T15:36:23.322Z,
401866439,2026-10-10T19:30:00.000Z,Western Michigan,Kent State,Western Michigan,home,spread,-14,-108,1.925926,draftkings,2026-10-09T22:07:27.000Z,1140.2,STALE,,,,,,,,,,false,UNAVAILABLE,quote stale — captured 19h ago,,false,NO_DECISION,edgedesk_cfb_p4_v1.0.0,2026-10-10T15:36:23.322Z,
401866439,2026-10-10T19:30:00.000Z,Western Michigan,Kent State,Kent State,away,spread,14,-112,1.892857,draftkings,2026-10-09T22:07:27.000Z,1140.2,STALE,,,,,,,,,,false,UNAVAILABLE,quote stale — captured 19h ago,,false,NO_DECISION,edgedesk_cfb_p4_v1.0.0,2026-10-10T15:36:23.322Z,
401856717,2026-10-10T19:30:00.000Z,Oklahoma,Texas,Oklahoma,home,spread,7.5,-110,1.909091,draftkings,2026-10-10T14:42:00.000Z,145.6,STALE,,,,,,,,,,false,UNAVAILABLE,quote stale — captured 2h ago,,false,NO_DECISION,edgedesk_cfb_p4_v1.0.0,2026-10-10T15:36:23.322Z,
401856717,2026-10-10T19:30:00.000Z,Oklahoma,Texas,Texas,away,spread,-7.5,-110,1.909091,draftkings,2026-10-10T14:42:00.000Z,145.6,STALE,,,,,,,,,,false,UNAVAILABLE,quote stale — captured 2h ago,,false,NO_DECISION,edgedesk_cfb_p4_v1.0.0,2026-10-10T15:36:23.322Z,
401858255,2026-10-10T19:30:00.000Z,Georgia Tech,Duke,Georgia Tech,home,spread,4.5,-105,1.952381,draftkings,2026-10-10T15:07:25.000Z,120.2,STALE,,,,,,,,,,false,UNAVAILABLE,quote stale — captured 2h ago,,false,NO_DECISION,edgedesk_cfb_p4_v1.0.0,2026-10-10T15:36:23.322Z,
401858255,2026-10-10T19:30:00.000Z,Georgia Tech,Duke,Duke,away,spread,-4.5,-115,1.869565,draftkings,2026-10-10T15:07:25.000Z,120.2,STALE,,,,,,,,,,false,UNAVAILABLE,quote stale — captured 2h ago,,false,NO_DECISION,edgedesk_cfb_p4_v1.0.0,2026-10-10T15:36:23.322Z,
401860923,2026-10-16T00:00:00.000Z,Texas State,Colorado State,Texas State,home,spread,-12.5,-105,1.952381,draftkings,2026-10-10T01:21:22.000Z,946.3,STALE,,,,,,,,,,false,UNAVAILABLE,quote stale — captured 16h ago,,false,NO_DECISION,edgedesk_cfb_p4_v1.0.0,2026-10-10T15:36:23.322Z,
401860923,2026-10-16T00:00:00.000Z,Texas State,Colorado State,Colorado State,away,spread,12.5,-115,1.869565,draftkings,2026-10-10T01:21:22.000Z,946.3,STALE,,,,,,,,,,false,UNAVAILABLE,quote stale — captured 16h ago,,false,NO_DECISION,edgedesk_cfb_p4_v1.0.0,2026-10-10T15:36:23.322Z,
401862798,2026-10-10T23:00:00.000Z,Memphis,UAB,Memphis,home,spread,-14.5,-112,1.892857,draftkings,2026-10-10T14:07:27.000Z,180.2,STALE,,,,,,,,,,false,UNAVAILABLE,quote stale — captured 3h ago,,false,NO_DECISION,edgedesk_cfb_p4_v1.0.0,2026-10-10T15:36:23.322Z,
401862798,2026-10-10T23:00:00.000Z,Memphis,UAB,UAB,away,spread,14.5,-108,1.925926,draftkings,2026-10-10T14:07:27.000Z,180.2,STALE,,,,,,,,,,false,UNAVAILABLE,quote stale — captured 3h ago,,false,NO_DECISION,edgedesk_cfb_p4_v1.0.0,2026-10-10T15:36:23.322Z,
401856722,2026-10-17T04:00:00.000Z,Oklahoma,Kentucky,Oklahoma,home,spread,-6,-110,1.909091,draftkings,2026-10-09T20:07:30.000Z,1260.1,STALE,,,,,,,,,,false,UNAVAILABLE,quote stale — captured 21h ago,,false,NO_DECISION,edgedesk_cfb_p4_v1.0.0,2026-10-10T15:36:23.322Z,
401856722,2026-10-17T04:00:00.000Z,Oklahoma,Kentucky,Kentucky,away,spread,6,-110,1.909091,draftkings,2026-10-09T20:07:30.000Z,1260.1,STALE,,,,,,,,,,false,UNAVAILABLE,quote stale — captured 21h ago,,false,NO_DECISION,edgedesk_cfb_p4_v1.0.0,2026-10-10T15:36:23.322Z,
401866435,2026-10-10T19:30:00.000Z,Akron,Eastern Michigan,Akron,home,spread,5.5,-110,1.909091,draftkings,2026-10-09T19:07:33.000Z,1320.1,STALE,,,,,,,,,,false,UNAVAILABLE,quote stale — captured 22h ago,,false,NO_DECISION,edgedesk_cfb_p4_v1.0.0,2026-10-10T15:36:23.322Z,
401866435,2026-10-10T19:30:00.000Z,Akron,Eastern Michigan,Eastern Michigan,away,spread,-5.5,-110,1.909091,draftkings,2026-10-09T19:07:33.000Z,1320.1,STALE,,,,,,,,,,false,UNAVAILABLE,quote stale — captured 22h ago,,false,NO_DECISION,edgedesk_cfb_p4_v1.0.0,2026-10-10T15:36:23.322Z,
401858257,2026-10-10T19:30:00.000Z,Notre Dame,Stanford,Notre Dame,home,spread,-40.5,-108,1.925926,draftkings,2026-10-10T15:07:25.000Z,120.2,STALE,,,,,,,,,,false,UNAVAILABLE,quote stale — captured 2h ago,,false,NO_DECISION,edgedesk_cfb_p4_v1.0.0,2026-10-10T15:36:23.322Z,
401858257,2026-10-10T19:30:00.000Z,Notre Dame,Stanford,Stanford,away,spread,40.5,-112,1.892857,draftkings,2026-10-10T15:07:25.000Z,120.2,STALE,,,,,,,,,,false,UNAVAILABLE,quote stale — captured 2h ago,,false,NO_DECISION,edgedesk_cfb_p4_v1.0.0,2026-10-10T15:36:23.322Z,
401871067,2026-10-13T23:00:00.000Z,Middle Tennessee,Delaware,Middle Tennessee,home,spread,1.5,,,draftkings,2026-10-10T01:21:22.000Z,946.3,STALE,,,,,,,,,,false,UNAVAILABLE,no price on this quote,,false,NO_DECISION,edgedesk_cfb_p4_v1.0.0,2026-10-10T15:36:23.322Z,
401871067,2026-10-13T23:00:00.000Z,Middle Tennessee,Delaware,Delaware,away,spread,-1.5,,,draftkings,2026-10-10T01:21:22.000Z,946.3,STALE,,,,,,,,,,false,UNAVAILABLE,no price on this quote,,false,NO_DECISION,edgedesk_cfb_p4_v1.0.0,2026-10-10T15:36:23.322Z,
401858258,2026-10-10T23:30:00.000Z,Virginia,Syracuse,Virginia,home,spread,-13.5,-112,1.892857,draftkings,2026-10-10T16:07:32.000Z,60.1,FRESH,0.479524,0,0.520476,0.528302,-4.878,-9.233,109,-5.357,CALIBRATED · SHADOW,true,AVAILABLE,,MAIN_LINE,false,NOT_EVALUATED,edgedesk_cfb_p4_v1.0.0,2026-10-10T15:36:23.322Z,
401858258,2026-10-10T23:30:00.000Z,Virginia,Syracuse,Syracuse,away,spread,13.5,-108,1.925926,draftkings,2026-10-10T16:07:32.000Z,60.1,FRESH,0.520476,0,0.479524,0.519231,0.125,0.24,-109,-3.704,CALIBRATED · SHADOW,true,AVAILABLE,,MAIN_LINE,false,PASS,edgedesk_cfb_p4_v1.0.0,2026-10-10T15:36:23.322Z,
401856718,2026-10-10T19:30:00.000Z,Vanderbilt,Ole Miss,Vanderbilt,home,spread,9.5,-108,1.925926,draftkings,2026-10-09T19:07:33.000Z,1320.1,STALE,,,,,,,,,,false,UNAVAILABLE,quote stale — captured 22h ago,,false,NO_DECISION,edgedesk_cfb_p4_v1.0.0,2026-10-10T15:36:23.322Z,
401856718,2026-10-10T19:30:00.000Z,Vanderbilt,Ole Miss,Ole Miss,away,spread,-9.5,-112,1.892857,draftkings,2026-10-09T19:07:33.000Z,1320.1,STALE,,,,,,,,,,false,UNAVAILABLE,quote stale — captured 22h ago,,false,NO_DECISION,edgedesk_cfb_p4_v1.0.0,2026-10-10T15:36:23.322Z,
401856825,2026-10-10T19:30:00.000Z,Kansas State,Houston,Kansas State,home,spread,-2.5,-110,1.909091,draftkings,2026-10-09T19:07:33.000Z,1320.1,STALE,,,,,,,,,,false,UNAVAILABLE,quote stale — captured 22h ago,,false,NO_DECISION,edgedesk_cfb_p4_v1.0.0,2026-10-10T15:36:23.322Z,
401856825,2026-10-10T19:30:00.000Z,Kansas State,Houston,Houston,away,spread,2.5,-110,1.909091,draftkings,2026-10-09T19:07:33.000Z,1320.1,STALE,,,,,,,,,,false,UNAVAILABLE,quote stale — captured 22h ago,,false,NO_DECISION,edgedesk_cfb_p4_v1.0.0,2026-10-10T15:36:23.322Z,
401858259,2026-10-10T19:30:00.000Z,California,Virginia Tech,California,home,spread,10,-110,1.909091,draftkings,2026-10-07T17:07:28.000Z,4320.2,STALE,,,,,,,,,,false,UNAVAILABLE,quote stale — captured 3d ago,,false,NO_DECISION,edgedesk_cfb_p4_v1.0.0,2026-10-10T15:36:23.322Z,
401858259,2026-10-10T19:30:00.000Z,California,Virginia Tech,Virginia Tech,away,spread,-10,-110,1.909091,draftkings,2026-10-07T17:07:28.000Z,4320.2,STALE,,,,,,,,,,false,UNAVAILABLE,quote stale — captured 3d ago,,false,NO_DECISION,edgedesk_cfb_p4_v1.0.0,2026-10-10T15:36:23.322Z,
401858480,2026-10-10T19:30:00.000Z,Michigan State,Illinois,Michigan State,home,spread,2.5,100,2,draftkings,2026-10-08T20:07:31.000Z,2700.1,STALE,,,,,,,,,,false,UNAVAILABLE,quote stale — captured 45h ago,,false,NO_DECISION,edgedesk_cfb_p4_v1.0.0,2026-10-10T15:36:23.322Z,
401858480,2026-10-10T19:30:00.000Z,Michigan State,Illinois,Illinois,away,spread,-2.5,-120,1.833333,draftkings,2026-10-08T20:07:31.000Z,2700.1,STALE,,,,,,,,,,false,UNAVAILABLE,quote stale — captured 45h ago,,false,NO_DECISION,edgedesk_cfb_p4_v1.0.0,2026-10-10T15:36:23.322Z,
401861964,2026-10-10T19:45:00.000Z,Temple,UConn,Temple,home,spread,-3.5,-112,1.892857,draftkings,2026-10-06T00:07:25.000Z,6780.2,STALE,,,,,,,,,,false,UNAVAILABLE,quote stale — captured 5d ago,,false,NO_DECISION,edgedesk_cfb_p4_v1.0.0,2026-10-10T15:36:23.322Z,
401861964,2026-10-10T19:45:00.000Z,Temple,UConn,UConn,away,spread,3.5,-108,1.925926,draftkings,2026-10-06T00:07:25.000Z,6780.2,STALE,,,,,,,,,,false,UNAVAILABLE,quote stale — captured 5d ago,,false,NO_DECISION,edgedesk_cfb_p4_v1.0.0,2026-10-10T15:36:23.322Z,
401856713,2026-10-10T20:15:00.000Z,Arkansas,Tennessee,Arkansas,home,spread,13.5,-105,1.952381,draftkings,2026-10-10T01:21:22.000Z,946.3,STALE,,,,,,,,,,false,UNAVAILABLE,quote stale — captured 16h ago,,false,NO_DECISION,edgedesk_cfb_p4_v1.0.0,2026-10-10T15:36:23.322Z,
401856713,2026-10-10T20:15:00.000Z,Arkansas,Tennessee,Tennessee,away,spread,-13.5,-115,1.869565,draftkings,2026-10-10T01:21:22.000Z,946.3,STALE,,,,,,,,,,false,UNAVAILABLE,quote stale — captured 16h ago,,false,NO_DECISION,edgedesk_cfb_p4_v1.0.0,2026-10-10T15:36:23.322Z,
401869949,2026-10-10T23:30:00.000Z,Georgia Southern,James Madison,Georgia Southern,home,spread,7.5,-115,1.869565,draftkings,2026-10-09T20:07:30.000Z,1260.1,STALE,,,,,,,,,,false,UNAVAILABLE,quote stale — captured 21h ago,,false,NO_DECISION,edgedesk_cfb_p4_v1.0.0,2026-10-10T15:36:23.322Z,
401869949,2026-10-10T23:30:00.000Z,Georgia Southern,James Madison,James Madison,away,spread,-7.5,-105,1.952381,draftkings,2026-10-09T20:07:30.000Z,1260.1,STALE,,,,,,,,,,false,UNAVAILABLE,quote stale — captured 21h ago,,false,NO_DECISION,edgedesk_cfb_p4_v1.0.0,2026-10-10T15:36:23.322Z,
401869965,2026-10-10T23:30:00.000Z,Louisiana Tech,Louisiana,Louisiana Tech,home,spread,-3,-112,1.892857,draftkings,2026-10-10T07:44:36.000Z,563,STALE,,,,,,,,,,false,UNAVAILABLE,quote stale — captured 9h ago,,false,NO_DECISION,edgedesk_cfb_p4_v1.0.0,2026-10-10T15:36:23.322Z,
401869965,2026-10-10T23:30:00.000Z,Louisiana Tech,Louisiana,Louisiana,away,spread,3,-108,1.925926,draftkings,2026-10-10T07:44:36.000Z,563,STALE,,,,,,,,,,false,UNAVAILABLE,quote stale — captured 9h ago,,false,NO_DECISION,edgedesk_cfb_p4_v1.0.0,2026-10-10T15:36:23.322Z,
401856827,2026-10-11T02:15:00.000Z,Utah,Kansas,Utah,home,spread,-15.5,-110,1.909091,draftkings,2026-10-07T16:08:21.000Z,4379.3,STALE,,,,,,,,,,false,UNAVAILABLE,quote stale — captured 3d ago,,false,NO_DECISION,edgedesk_cfb_p4_v1.0.0,2026-10-10T15:36:23.322Z,
401856827,2026-10-11T02:15:00.000Z,Utah,Kansas,Kansas,away,spread,15.5,-110,1.909091,draftkings,2026-10-07T16:08:21.000Z,4379.3,STALE,,,,,,,,,,false,UNAVAILABLE,quote stale — captured 3d ago,,false,NO_DECISION,edgedesk_cfb_p4_v1.0.0,2026-10-10T15:36:23.322Z,
401856719,2026-10-17T04:00:00.000Z,Georgia,Auburn,Georgia,home,spread,-18.5,-110,1.909091,draftkings,2026-10-08T04:07:26.000Z,3660.2,STALE,,,,,,,,,,false,UNAVAILABLE,quote stale — captured 3d ago,,false,NO_DECISION,edgedesk_cfb_p4_v1.0.0,2026-10-10T15:36:23.322Z,
401856719,2026-10-17T04:00:00.000Z,Georgia,Auburn,Auburn,away,spread,18.5,-110,1.909091,draftkings,2026-10-08T04:07:26.000Z,3660.2,STALE,,,,,,,,,,false,UNAVAILABLE,quote stale — captured 3d ago,,false,NO_DECISION,edgedesk_cfb_p4_v1.0.0,2026-10-10T15:36:23.322Z,
401856720,2026-10-17T04:00:00.000Z,LSU,Mississippi State,LSU,home,spread,-12.5,-105,1.952381,draftkings,2026-10-08T04:07:26.000Z,3660.2,STALE,,,,,,,,,,false,UNAVAILABLE,quote stale — captured 3d ago,,false,NO_DECISION,edgedesk_cfb_p4_v1.0.0,2026-10-10T15:36:23.322Z,
401856720,2026-10-17T04:00:00.000Z,LSU,Mississippi State,Mississippi State,away,spread,12.5,-115,1.869565,draftkings,2026-10-08T04:07:26.000Z,3660.2,STALE,,,,,,,,,,false,UNAVAILABLE,quote stale — captured 3d ago,,false,NO_DECISION,edgedesk_cfb_p4_v1.0.0,2026-10-10T15:36:23.322Z,
401856723,2026-10-17T04:00:00.000Z,Tennessee,Alabama,Tennessee,home,spread,4.5,-105,1.952381,draftkings,2026-10-08T04:07:26.000Z,3660.2,STALE,,,,,,,,,,false,UNAVAILABLE,quote stale — captured 3d ago,,false,NO_DECISION,edgedesk_cfb_p4_v1.0.0,2026-10-10T15:36:23.322Z,
401856723,2026-10-17T04:00:00.000Z,Tennessee,Alabama,Alabama,away,spread,-4.5,-115,1.869565,draftkings,2026-10-08T04:07:26.000Z,3660.2,STALE,,,,,,,,,,false,UNAVAILABLE,quote stale — captured 3d ago,,false,NO_DECISION,edgedesk_cfb_p4_v1.0.0,2026-10-10T15:36:23.322Z,
401856809,2026-10-17T04:00:00.000Z,BYU,Notre Dame,BYU,home,spread,12.5,-105,1.952381,draftkings,2026-10-08T04:07:26.000Z,3660.2,STALE,,,,,,,,,,false,UNAVAILABLE,quote stale — captured 3d ago,,false,NO_DECISION,edgedesk_cfb_p4_v1.0.0,2026-10-10T15:36:23.322Z,
401856809,2026-10-17T04:00:00.000Z,BYU,Notre Dame,Notre Dame,away,spread,-12.5,-115,1.869565,draftkings,2026-10-08T04:07:26.000Z,3660.2,STALE,,,,,,,,,,false,UNAVAILABLE,quote stale — captured 3d ago,,false,NO_DECISION,edgedesk_cfb_p4_v1.0.0,2026-10-10T15:36:23.322Z,
401856830,2026-10-17T04:00:00.000Z,Kansas State,Kansas,Kansas State,home,spread,-9.5,-110,1.909091,draftkings,2026-10-08T04:07:26.000Z,3660.2,STALE,,,,,,,,,,false,UNAVAILABLE,quote stale — captured 3d ago,,false,NO_DECISION,edgedesk_cfb_p4_v1.0.0,2026-10-10T15:36:23.322Z,
401856830,2026-10-17T04:00:00.000Z,Kansas State,Kansas,Kansas,away,spread,9.5,-110,1.909091,draftkings,2026-10-08T04:07:26.000Z,3660.2,STALE,,,,,,,,,,false,UNAVAILABLE,quote stale — captured 3d ago,,false,NO_DECISION,edgedesk_cfb_p4_v1.0.0,2026-10-10T15:36:23.322Z,
401856831,2026-10-17T04:00:00.000Z,Houston,Oklahoma State,Houston,home,spread,-3.5,,,draftkings,2026-10-08T04:07:26.000Z,3660.2,STALE,,,,,,,,,,false,UNAVAILABLE,no price on this quote,,false,NO_DECISION,edgedesk_cfb_p4_v1.0.0,2026-10-10T15:36:23.322Z,
401856831,2026-10-17T04:00:00.000Z,Houston,Oklahoma State,Oklahoma State,away,spread,3.5,,,draftkings,2026-10-08T04:07:26.000Z,3660.2,STALE,,,,,,,,,,false,UNAVAILABLE,no price on this quote,,false,NO_DECISION,edgedesk_cfb_p4_v1.0.0,2026-10-10T15:36:23.322Z,
401858263,2026-10-17T04:00:00.000Z,Miami,Florida State,Miami,home,spread,-19.5,-110,1.909091,draftkings,2026-10-08T04:07:26.000Z,3660.2,STALE,,,,,,,,,,false,UNAVAILABLE,quote stale — captured 3d ago,,false,NO_DECISION,edgedesk_cfb_p4_v1.0.0,2026-10-10T15:36:23.322Z,
401858263,2026-10-17T04:00:00.000Z,Miami,Florida State,Florida State,away,spread,19.5,-110,1.909091,draftkings,2026-10-08T04:07:26.000Z,3660.2,STALE,,,,,,,,,,false,UNAVAILABLE,quote stale — captured 3d ago,,false,NO_DECISION,edgedesk_cfb_p4_v1.0.0,2026-10-10T15:36:23.322Z,
401858266,2026-10-17T04:00:00.000Z,Duke,North Carolina,Duke,home,spread,-4.5,-110,1.909091,draftkings,2026-10-08T04:07:26.000Z,3660.2,STALE,,,,,,,,,,false,UNAVAILABLE,quote stale — captured 3d ago,,false,NO_DECISION,edgedesk_cfb_p4_v1.0.0,2026-10-10T15:36:23.322Z,
401858266,2026-10-17T04:00:00.000Z,Duke,North Carolina,North Carolina,away,spread,4.5,-110,1.909091,draftkings,2026-10-08T04:07:26.000Z,3660.2,STALE,,,,,,,,,,false,UNAVAILABLE,quote stale — captured 3d ago,,false,NO_DECISION,edgedesk_cfb_p4_v1.0.0,2026-10-10T15:36:23.322Z,
401858488,2026-10-17T04:00:00.000Z,Indiana,Ohio State,Indiana,home,spread,2.5,-105,1.952381,draftkings,2026-10-08T04:07:26.000Z,3660.2,STALE,,,,,,,,,,false,UNAVAILABLE,quote stale — captured 3d ago,,false,NO_DECISION,edgedesk_cfb_p4_v1.0.0,2026-10-10T15:36:23.322Z,
401858488,2026-10-17T04:00:00.000Z,Indiana,Ohio State,Ohio State,away,spread,-2.5,-115,1.869565,draftkings,2026-10-08T04:07:26.000Z,3660.2,STALE,,,,,,,,,,false,UNAVAILABLE,quote stale — captured 3d ago,,false,NO_DECISION,edgedesk_cfb_p4_v1.0.0,2026-10-10T15:36:23.322Z,
401858490,2026-10-17T04:00:00.000Z,Michigan,Penn State,Michigan,home,spread,-6.5,,,draftkings,2026-10-08T04:07:26.000Z,3660.2,STALE,,,,,,,,,,false,UNAVAILABLE,no price on this quote,,false,NO_DECISION,edgedesk_cfb_p4_v1.0.0,2026-10-10T15:36:23.322Z,
401858490,2026-10-17T04:00:00.000Z,Michigan,Penn State,Penn State,away,spread,6.5,,,draftkings,2026-10-08T04:07:26.000Z,3660.2,STALE,,,,,,,,,,false,UNAVAILABLE,no price on this quote,,false,NO_DECISION,edgedesk_cfb_p4_v1.0.0,2026-10-10T15:36:23.322Z,
401858492,2026-10-17T04:00:00.000Z,Oregon,Nebraska,Oregon,home,spread,-21.5,,,draftkings,2026-10-08T04:07:26.000Z,3660.2,STALE,,,,,,,,,,false,UNAVAILABLE,no price on this quote,,false,NO_DECISION,edgedesk_cfb_p4_v1.0.0,2026-10-10T15:36:23.322Z,
401858492,2026-10-17T04:00:00.000Z,Oregon,Nebraska,Nebraska,away,spread,21.5,,,draftkings,2026-10-08T04:07:26.000Z,3660.2,STALE,,,,,,,,,,false,UNAVAILABLE,no price on this quote,,false,NO_DECISION,edgedesk_cfb_p4_v1.0.0,2026-10-10T15:36:23.322Z,
401858494,2026-10-17T04:00:00.000Z,UCLA,Wisconsin,UCLA,home,spread,-3.5,-110,1.909091,draftkings,2026-10-08T18:07:36.000Z,2820,STALE,,,,,,,,,,false,UNAVAILABLE,quote stale — captured 47h ago,,false,NO_DECISION,edgedesk_cfb_p4_v1.0.0,2026-10-10T15:36:23.322Z,
401858494,2026-10-17T04:00:00.000Z,UCLA,Wisconsin,Wisconsin,away,spread,3.5,-110,1.909091,draftkings,2026-10-08T18:07:36.000Z,2820,STALE,,,,,,,,,,false,UNAVAILABLE,quote stale — captured 47h ago,,false,NO_DECISION,edgedesk_cfb_p4_v1.0.0,2026-10-10T15:36:23.322Z,
