game_id,kickoff,home,away,model_version,generated_at,fair_home_line,market_home_line,side,book,line,price,cover_probability,probability_basis,break_even,estimated_ev,bettable_to_line,target_line,timing_read,decision_status,research_status,price_status,best_value,alt_verdict,calibration
401858475,2026-10-03T20:00:00.000Z,Nebraska,Maryland,edgedesk_cfb_p4_v1.0.0,2026-09-27T21:35:00.000Z,-19.06,-13.5,Nebraska,draftkings,-13.5,-115,0.6286,RAW,0.534884,0.1752,-16.5,,RESEARCH,RESEARCH_ONLY,WORTH_RESEARCHING,VALUE,Nebraska -13.5 -115,,PENDING
401866432,2026-10-03T17:00:00.000Z,Buffalo,Western Michigan,edgedesk_cfb_p4_v1.0.0,2026-09-27T21:35:00.000Z,9.49,15.5,Buffalo,draftkings,15.5,-110,0.6462,RAW,0.52381,0.2336,10.5,,RESEARCH,RESEARCH_ONLY,WORTH_RESEARCHING,VALUE,Buffalo +15.5 -110,,PENDING
401858472,2026-10-03T20:15:00.000Z,Illinois,Purdue,edgedesk_cfb_p4_v1.0.0,2026-09-27T21:35:00.000Z,-14.88,-10,Illinois,draftkings,-10,-108,0.6089,RAW,0.519231,0.1683,-12.5,,RESEARCH,RESEARCH_ONLY,WORTH_RESEARCHING,VALUE,Illinois -10 -108,,PENDING
401864515,2026-10-03T19:30:00.000Z,North Dakota State,Wyoming,edgedesk_cfb_p4_v1.0.0,2026-09-27T21:35:00.000Z,-15.22,-20.5,Wyoming,draftkings,20.5,-115,0.6086,RAW,0.534884,0.1378,17.5,,RESEARCH,RESEARCH_ONLY,WORTH_RESEARCHING,VALUE,Wyoming +20.5 -115,,PENDING
401858245,2026-10-02T23:00:00.000Z,Virginia Tech,Pittsburgh,edgedesk_cfb_p4_v1.0.0,2026-09-27T21:35:00.000Z,-1.19,-4.5,Pittsburgh,draftkings,4.5,-108,0.6194,RAW,0.519231,0.1928,2,,RESEARCH,RESEARCH_ONLY,WORTH_RESEARCHING,VALUE,Pittsburgh +4.5 -108,,PENDING
401866477,2026-10-03T19:30:00.000Z,Miami (OH),Bowling Green,edgedesk_cfb_p4_v1.0.0,2026-09-27T21:35:00.000Z,-19.31,-14.5,Miami (OH),draftkings,-14.5,-110,0.5799,RAW,0.52381,0.1072,-16.5,,RESEARCH,RESEARCH_ONLY,WORTH_RESEARCHING,VALUE,Miami (OH) -14.5 -110,,PENDING
401856708,2026-10-03T19:30:00.000Z,Missouri,Florida,edgedesk_cfb_p4_v1.0.0,2026-09-27T21:35:00.000Z,0.19,4,Missouri,draftkings,4,-112,0.6263,RAW,0.528302,0.1748,1,,RESEARCH,RESEARCH_ONLY,WORTH_RESEARCHING,VALUE,Missouri +4 -112,,PENDING
401858476,2026-10-03T00:00:00.000Z,Northwestern,Penn State,edgedesk_cfb_p4_v1.0.0,2026-09-27T21:35:00.000Z,-0.78,3,Northwestern,draftkings,3,-112,0.6027,RAW,0.528302,0.1379,0.5,,RESEARCH,RESEARCH_ONLY,WORTH_RESEARCHING,VALUE,Northwestern +3 -112,,PENDING
401864514,2026-10-03T20:00:00.000Z,New Mexico,UTEP,edgedesk_cfb_p4_v1.0.0,2026-09-27T21:35:00.000Z,-28.27,-22.5,New Mexico,draftkings,-22.5,-108,0.6166,RAW,0.519231,0.1876,-27,,RESEARCH,RESEARCH_ONLY,WORTH_RESEARCHING,VALUE,New Mexico -22.5 -108,,PENDING
401858474,2026-10-03T16:00:00.000Z,Minnesota,Michigan,edgedesk_cfb_p4_v1.0.0,2026-09-27T21:35:00.000Z,1.26,6.5,Minnesota,draftkings,6.5,-110,0.6528,RAW,0.52381,0.2463,2.5,,RESEARCH,RESEARCH_ONLY,WORTH_RESEARCHING,VALUE,Minnesota +6.5 -110,,PENDING
401862791,2026-10-03T16:00:00.000Z,Air Force,Navy,edgedesk_cfb_p4_v1.0.0,2026-09-27T21:35:00.000Z,-0.07,-2.5,Navy,draftkings,2.5,-110,0.5728,RAW,0.52381,0.0936,1.5,,RESEARCH,RESEARCH_ONLY,WORTH_RESEARCHING,VALUE,Navy +2.5 -110,,PENDING
401866433,2026-10-03T19:30:00.000Z,Massachusetts,Eastern Michigan,edgedesk_cfb_p4_v1.0.0,2026-09-27T21:35:00.000Z,-8.99,-5.5,Massachusetts,draftkings,-5.5,-110,0.6032,RAW,0.52381,0.1516,-7,,RESEARCH,RESEARCH_ONLY,WORTH_RESEARCHING,VALUE,Massachusetts -5.5 -110,,PENDING
401860898,2026-10-03T23:30:00.000Z,Boise State,Utah State,edgedesk_cfb_p4_v1.0.0,2026-09-27T21:35:00.000Z,-17.03,-21,Utah State,draftkings,21,-108,0.5916,RAW,0.519231,0.1372,19,,RESEARCH,RESEARCH_ONLY,WORTH_RESEARCHING,VALUE,Utah State +21 -108,,PENDING
401860921,2026-10-04T01:30:00.000Z,Washington State,Fresno State,edgedesk_cfb_p4_v1.0.0,2026-09-27T21:35:00.000Z,-2.23,1.5,Washington State,draftkings,1.5,-112,0.6018,RAW,0.528302,0.139,0,,RESEARCH,RESEARCH_ONLY,WORTH_RESEARCHING,VALUE,Washington State +1.5 -112,,PENDING
401862787,2026-10-03T19:30:00.000Z,Charlotte,Memphis,edgedesk_cfb_p4_v1.0.0,2026-09-27T21:35:00.000Z,17.8,21,Charlotte,draftkings,21,-115,0.5932,RAW,0.534884,0.1078,18.5,,RESEARCH,RESEARCH_ONLY,WORTH_RESEARCHING,VALUE,Charlotte +21 -115,,PENDING
401862788,2026-10-03T23:00:00.000Z,Rice,UTSA,edgedesk_cfb_p4_v1.0.0,2026-09-27T21:35:00.000Z,8.16,10.5,Rice,draftkings,10.5,-108,0.5892,RAW,0.519231,0.1348,7.5,,RESEARCH,RESEARCH_ONLY,WORTH_RESEARCHING,VALUE,Rice +10.5 -108,,PENDING
401858477,2026-10-04T00:00:00.000Z,Rutgers,Indiana,edgedesk_cfb_p4_v1.0.0,2026-09-27T21:35:00.000Z,19.34,23.5,Rutgers,draftkings,23.5,-110,0.593,RAW,0.52381,0.1321,20.5,,RESEARCH,RESEARCH_ONLY,WORTH_RESEARCHING,VALUE,Rutgers +23.5 -110,,PENDING
401864513,2026-10-04T03:59:00.000Z,Hawai'i,San José State,edgedesk_cfb_p4_v1.0.0,2026-09-27T21:35:00.000Z,-7.27,-3,Hawai'i,draftkings,-3,-108,0.5867,RAW,0.519231,0.1264,-6,,RESEARCH,RESEARCH_ONLY,WORTH_RESEARCHING,VALUE,Hawai'i -3 -108,,PENDING
401856819,2026-10-03T16:00:00.000Z,Houston,UCF,edgedesk_cfb_p4_v1.0.0,2026-09-27T21:35:00.000Z,-8.72,-11.5,UCF,draftkings,11.5,-110,0.5749,RAW,0.52381,0.0975,9,,RESEARCH,RESEARCH_ONLY,WORTH_RESEARCHING,VALUE,UCF +11.5 -110,,PENDING
401856818,2026-10-03T23:00:00.000Z,TCU,BYU,edgedesk_cfb_p4_v1.0.0,2026-09-27T21:35:00.000Z,4.76,7,TCU,draftkings,7,-112,0.5954,RAW,0.528302,0.1248,6,,RESEARCH,RESEARCH_ONLY,WORTH_RESEARCHING,VALUE,TCU +7 -112,,PENDING
401862792,2026-10-03T23:30:00.000Z,South Florida,Temple,edgedesk_cfb_p4_v1.0.0,2026-09-27T21:35:00.000Z,-16.02,-6,South Florida,draftkings,-6,-108,0.7457,RAW,0.519231,0.4277,-13,,INVESTIGATE,NO_DECISION,MARKET_FAULT,NOT_PRICED,South Florida -6 -108,,PENDING
401871050,2026-10-02T23:00:00.000Z,Delaware,Liberty,edgedesk_cfb_p4_v1.0.0,2026-09-27T21:35:00.000Z,3.81,7,Delaware,draftkings,7,-112,0.6097,RAW,0.528302,0.1533,5,,RESEARCH,RESEARCH_ONLY,WORTH_RESEARCHING,VALUE,Delaware +7 -112,,PENDING
401860899,2026-10-03T22:00:00.000Z,Colorado State,Oregon State,edgedesk_cfb_p4_v1.0.0,2026-09-27T21:35:00.000Z,1.86,4.5,Colorado State,draftkings,4.5,-112,0.58,RAW,0.528302,0.0978,2.5,,RESEARCH,RESEARCH_ONLY,WORTH_RESEARCHING,VALUE,Colorado State +4.5 -112,,PENDING
401858479,2026-10-03T16:30:00.000Z,Wisconsin,Michigan State,edgedesk_cfb_p4_v1.0.0,2026-09-27T21:35:00.000Z,-7.6,-10,Michigan State,draftkings,10,-108,0.5872,RAW,0.519231,0.1294,8,,RESEARCH,RESEARCH_ONLY,WORTH_RESEARCHING,VALUE,Michigan State +10 -108,,PENDING
401862786,2026-10-02T01:00:00.000Z,Tulsa,North Texas,edgedesk_cfb_p4_v1.0.0,2026-09-27T21:35:00.000Z,10.59,-2.5,North Texas,draftkings,2.5,-110,0.7889,RAW,0.52381,0.5061,-7.5,,INVESTIGATE,NO_DECISION,MARKET_FAULT,NOT_PRICED,North Texas +2.5 -110,,PENDING
401856707,2026-10-03T16:00:00.000Z,Mississippi State,Alabama,edgedesk_cfb_p4_v1.0.0,2026-09-27T21:35:00.000Z,4.41,6,Mississippi State,draftkings,6,-108,0.5837,RAW,0.519231,0.1168,5,,PASS,PASS,MARKET_ALIGNED,NO_VALUE_CLAIMED,Mississippi State +6 -108,,PENDING
401856817,2026-10-04T02:30:00.000Z,Arizona State,Baylor,edgedesk_cfb_p4_v1.0.0,2026-09-27T21:35:00.000Z,-5.93,-3.5,Arizona State,draftkings,-3.5,-108,0.5796,RAW,0.519231,0.1162,-5.5,,WAIT,WAIT,WORTH_RESEARCHING,VALUE,Arizona State -3.5 -108,,PENDING
401856711,2026-10-03T23:00:00.000Z,Texas A&M,Arkansas,edgedesk_cfb_p4_v1.0.0,2026-09-27T21:35:00.000Z,-11.08,-14.5,Arkansas,draftkings,14.5,-115,0.5762,RAW,0.534884,0.0773,12.5,,RESEARCH,RESEARCH_ONLY,WORTH_RESEARCHING,VALUE,Arkansas +14.5 -115,,PENDING
401856705,2026-10-03T16:45:00.000Z,Georgia,Vanderbilt,edgedesk_cfb_p4_v1.0.0,2026-09-27T21:35:00.000Z,-16.67,-25.5,Vanderbilt,draftkings,25.5,-115,0.7007,RAW,0.534884,0.31,18.5,,INVESTIGATE,NO_DECISION,MARKET_FAULT,NOT_PRICED,Vanderbilt +25.5 -115,,PENDING
401858247,2026-10-03T19:30:00.000Z,UNLV,California,edgedesk_cfb_p4_v1.0.0,2026-09-27T21:35:00.000Z,-10.19,-2.5,UNLV,draftkings,-2.5,-108,0.7034,RAW,0.519231,0.3547,-9.5,,INVESTIGATE,NO_DECISION,MARKET_FAULT,NOT_PRICED,UNLV -2.5 -108,,PENDING
401858473,2026-10-03T19:30:00.000Z,Iowa,Ohio State,edgedesk_cfb_p4_v1.0.0,2026-09-27T21:35:00.000Z,6.81,14,Iowa,draftkings,14,-112,0.6721,RAW,0.528302,0.2688,8,,INVESTIGATE,NO_DECISION,MARKET_FAULT,NOT_PRICED,Iowa +14 -112,,PENDING
401869842,2026-10-03T23:30:00.000Z,Louisiana Tech,Army,edgedesk_cfb_p4_v1.0.0,2026-09-27T21:35:00.000Z,6.12,3.5,Army,draftkings,-3.5,100,0.5686,RAW,0.5,0.1372,-5,,RESEARCH,RESEARCH_ONLY,WORTH_RESEARCHING,VALUE,Army -3.5 +100,,PENDING
401856822,2026-10-03T16:00:00.000Z,Iowa State,West Virginia,edgedesk_cfb_p4_v1.0.0,2026-09-27T21:35:00.000Z,-10.18,-1.5,Iowa State,draftkings,-1.5,-112,0.7509,RAW,0.528302,0.4214,-9.5,,INVESTIGATE,NO_DECISION,MARKET_FAULT,NOT_PRICED,Iowa State -1.5 -112,,PENDING
401869962,2026-10-03T19:45:00.000Z,James Madison,Marshall,edgedesk_cfb_p4_v1.0.0,2026-09-27T21:35:00.000Z,-25.74,-16.5,James Madison,draftkings,-16.5,-115,0.7112,RAW,0.534884,0.3297,-24,,INVESTIGATE,NO_DECISION,MARKET_FAULT,NOT_PRICED,James Madison -16.5 -115,,PENDING
401871089,2026-10-03T23:00:00.000Z,South Alabama,UL Monroe,edgedesk_cfb_p4_v1.0.0,2026-09-27T21:35:00.000Z,-17.23,-14.5,South Alabama,draftkings,-14.5,-105,0.535,RAW,0.512195,0.0446,-14.5,,RESEARCH,RESEARCH_ONLY,WORTH_RESEARCHING,VALUE,South Alabama -14.5 -105,,PENDING
401858252,2026-10-03T16:00:00.000Z,UConn,Syracuse,edgedesk_cfb_p4_v1.0.0,2026-09-27T21:35:00.000Z,-12.52,5.5,UConn,draftkings,5.5,-112,0.8479,RAW,0.528302,0.605,-4.5,,INVESTIGATE,NO_DECISION,MARKET_FAULT,NOT_PRICED,UConn +5.5 -112,,PENDING
401860900,2026-10-04T02:30:00.000Z,San Diego State,Texas State,edgedesk_cfb_p4_v1.0.0,2026-09-27T21:35:00.000Z,5.47,4,Texas State,draftkings,-4,-112,0.5479,RAW,0.528302,0.0365,-4.5,,PASS,PASS,MARKET_ALIGNED,NO_VALUE_CLAIMED,Texas State -4 -112,,PENDING
401858253,2026-10-03T19:30:00.000Z,Florida State,Virginia,edgedesk_cfb_p4_v1.0.0,2026-09-27T21:35:00.000Z,4.19,3,Virginia,draftkings,-3,-105,0.5488,RAW,0.512195,0.0696,-3.5,,PASS,PASS,MARKET_ALIGNED,NO_VALUE_CLAIMED,Virginia -3 -105,,PENDING
401856820,2026-10-04T03:00:00.000Z,Arizona,Cincinnati,edgedesk_cfb_p4_v1.0.0,2026-09-27T21:35:00.000Z,-8.46,-7,Arizona,draftkings,-7,-115,0.518,RAW,0.534884,-0.0311,-6,,PASS,PASS,MARKET_ALIGNED,NO_VALUE,,,PENDING
401856709,2026-10-03T20:15:00.000Z,South Carolina,Kentucky,edgedesk_cfb_p4_v1.0.0,2026-09-27T21:35:00.000Z,-2.12,-3.5,Kentucky,draftkings,3.5,-115,0.551,RAW,0.534884,0.03,3,,PASS,PASS,MARKET_ALIGNED,NO_VALUE_CLAIMED,Kentucky +3.5 -115,,PENDING
401866430,2026-10-03T19:30:00.000Z,Central Michigan,Akron,edgedesk_cfb_p4_v1.0.0,2026-09-27T21:35:00.000Z,-8.07,-6,Central Michigan,draftkings,-6,-110,0.5179,RAW,0.52381,-0.011,-5,-5,PRICE_TARGET,WAIT,WORTH_RESEARCHING,NO_VALUE,,,PENDING
401866431,2026-10-03T18:00:00.000Z,Ball State,Toledo,edgedesk_cfb_p4_v1.0.0,2026-09-27T21:35:00.000Z,20.35,19.5,Toledo,draftkings,-19.5,-112,0.5095,RAW,0.528302,-0.0356,-18,,PRICE_GONE,PASS,MARKET_ALIGNED,PRICE_GONE,,,PENDING
401869932,2026-10-04T00:00:00.000Z,Louisiana,Arkansas State,edgedesk_cfb_p4_v1.0.0,2026-09-27T21:35:00.000Z,-6.68,-6.5,Louisiana,draftkings,-6.5,-115,0.4977,RAW,0.534884,-0.0696,-4.5,,PRICE_GONE,PASS,MARKET_ALIGNED,PRICE_GONE,,,PENDING
401858250,2026-10-03T16:00:00.000Z,North Carolina,Notre Dame,edgedesk_cfb_p4_v1.0.0,2026-09-27T21:35:00.000Z,22.51,21.5,Notre Dame,draftkings,-21.5,-110,0.5159,RAW,0.52381,-0.0151,-20.5,,PASS,PASS,MARKET_ALIGNED,NO_VALUE,,,PENDING
401858246,2026-10-03T16:00:00.000Z,SMU,Boston College,edgedesk_cfb_p4_v1.0.0,2026-09-27T21:35:00.000Z,-19.66,-20.5,Boston College,draftkings,20.5,-112,0.5179,RAW,0.528302,-0.0197,21.5,,PASS,PASS,MARKET_ALIGNED,NO_VALUE,,,PENDING
401869942,2026-10-03T23:00:00.000Z,Coastal Carolina,Georgia Southern,edgedesk_cfb_p4_v1.0.0,2026-09-27T21:35:00.000Z,0.64,1.5,Coastal Carolina,draftkings,1.5,-108,0.4986,RAW,0.519231,-0.0398,3,,PASS,PASS,MARKET_ALIGNED,NO_VALUE,,,PENDING
401856821,2026-10-03T23:30:00.000Z,Colorado,Texas Tech,edgedesk_cfb_p4_v1.0.0,2026-09-27T21:35:00.000Z,16.25,14.5,Texas Tech,draftkings,-14.5,-108,0.5168,RAW,0.519231,-0.0048,-14,,PASS,PASS,MARKET_ALIGNED,NO_VALUE,,,PENDING
401871049,2026-10-02T00:00:00.000Z,New Mexico State,Western Kentucky,edgedesk_cfb_p4_v1.0.0,2026-09-27T21:35:00.000Z,-0.52,-1.5,Western Kentucky,,,,,RAW,,,2,,NO_DECISION,NO_DECISION,LIMITED_DATA,STALE_QUOTE,,,PENDING
401856807,2026-10-03T16:00:00.000Z,Kansas,Middle Tennessee,edgedesk_cfb_p4_v1.0.0,2026-09-27T21:35:00.000Z,-19.57,-20.5,Middle Tennessee,,,,,RAW,,,21.5,,NO_DECISION,NO_DECISION,LIMITED_DATA,STALE_QUOTE,,,PENDING
401858251,2026-10-03T16:00:00.000Z,Wake Forest,Stanford,edgedesk_cfb_p4_v1.0.0,2026-09-27T21:35:00.000Z,-15.91,-12.5,Wake Forest,,,,,RAW,,,-13.5,,NO_DECISION,NO_DECISION,LIMITED_DATA,STALE_QUOTE,,,PENDING
401856710,2026-10-03T19:30:00.000Z,Tennessee,Auburn,edgedesk_cfb_p4_v1.0.0,2026-09-27T21:35:00.000Z,-9.23,-7.5,Tennessee,,,,,RAW,,,-6.5,,NO_DECISION,NO_DECISION,LIMITED_DATA,STALE_QUOTE,,,PENDING
401858248,2026-10-03T19:30:00.000Z,NC State,Louisville,edgedesk_cfb_p4_v1.0.0,2026-09-27T21:35:00.000Z,-0.2,6,NC State,,,,,RAW,,,0.5,,NO_DECISION,NO_DECISION,LIMITED_DATA,STALE_QUOTE,,,PENDING
401862793,2026-10-03T19:30:00.000Z,UAB,Samford,edgedesk_cfb_p4_v1.0.0,2026-09-27T21:35:00.000Z,-21.01,,,,,,,RAW,,,,,NO_DECISION,NO_DECISION,LIMITED_DATA,NOT_PRICED,,,PENDING
401866434,2026-10-03T19:30:00.000Z,Kent State,Ohio,edgedesk_cfb_p4_v1.0.0,2026-09-27T21:35:00.000Z,7.32,5.5,Ohio,,,,,RAW,,,-6,,NO_DECISION,NO_DECISION,LIMITED_DATA,STALE_QUOTE,,,PENDING
401869956,2026-10-03T19:30:00.000Z,Georgia State,Old Dominion,edgedesk_cfb_p4_v1.0.0,2026-09-27T21:35:00.000Z,-4.46,1.5,Georgia State,,,,,RAW,,,-3,,NO_DECISION,NO_DECISION,LIMITED_DATA,STALE_QUOTE,,,PENDING
401862790,2026-10-03T22:00:00.000Z,Florida Atlantic,Texas Southern,edgedesk_cfb_p4_v1.0.0,2026-09-27T21:35:00.000Z,-24.7,,,,,,,RAW,,,,,NO_DECISION,NO_DECISION,LIMITED_DATA,NOT_PRICED,,,PENDING
401858249,2026-10-03T23:30:00.000Z,Clemson,Miami,edgedesk_cfb_p4_v1.0.0,2026-09-27T21:35:00.000Z,14.81,17.5,Clemson,,,,,RAW,,,17,,NO_DECISION,NO_DECISION,LIMITED_DATA,STALE_QUOTE,,,PENDING
401858478,2026-10-03T23:30:00.000Z,USC,Washington,edgedesk_cfb_p4_v1.0.0,2026-09-27T21:35:00.000Z,-6.69,-9.5,Washington,,,,,RAW,,,8,,NO_DECISION,NO_DECISION,LIMITED_DATA,STALE_QUOTE,,,PENDING
401856706,2026-10-03T23:45:00.000Z,LSU,McNeese,edgedesk_cfb_p4_v1.0.0,2026-09-27T21:35:00.000Z,-42.47,,,,,,,RAW,,,,,NO_DECISION,NO_DECISION,LIMITED_DATA,NOT_PRICED,,,PENDING
401871090,2026-10-07T00:00:00.000Z,Troy,Southern Miss,edgedesk_cfb_p4_v1.0.0,2026-09-27T21:35:00.000Z,-8.86,,,,,,,RAW,,,,,NO_DECISION,NO_DECISION,LIMITED_DATA,NOT_PRICED,,,PENDING
