feature_name,dictionary_layer,priority,status,v2_column,v2_source,used_in_v2_0,note,leakage_rule,missing_data_policy
game_id,context,P0,AVAILABLE,game_id,espn/CFBD game id,True,,safe,required
season,context,P0,AVAILABLE,season,schedule,True,,safe,required
week,context,P0,AVAILABLE,week,schedule,True,,safe,required
kickoff_ts,context,P0,AVAILABLE,kickoff_ts,cfb_schedules start_date (UTC),True,,safe if snapshot respects timestamp,required
home_team,context,P0,AVAILABLE,home_id/home_team,schedule,True,,safe,required
away_team,context,P0,AVAILABLE,away_id/away_team,schedule,True,,safe,required
neutral_site,pure,P0,AVAILABLE,neutral_site,schedule,True,feeds home_field,safe,default false only when verified
conference_game,pure,P2,AVAILABLE,conference_game_f,schedule,True,context family; ablation decides,safe,null
prior_power_rating,pure,P0,DERIVABLE,edge_prior_* (per-metric priors) + Elo carry-over,stage 3 priors,True,V2 keeps per-unit priors rather than one power number,safe,league mean + uncertainty flag
prior_off_rating,pure,P0,DERIVABLE,[ha]_<metric>__prior_off,stage 3 priors,True,,safe,league mean
prior_def_rating,pure,P0,DERIVABLE,[ha]_<metric>__prior_def,stage 3 priors,True,,safe,league mean
recent_program_history_3y,pure,P1,DERIVABLE,prior model reads lag-1 and lag-2 data-only ratings,stage 3,True,"two seasons, not three: the third lag added nothing in the prior fit",safe,regress to conference/FBS mean
returning_production_off,pure,P0,AVAILABLE,ret_off (prior input),sportsdataverse cfb_returning_production,True,season roster assumed ~ preseason roster; is_estimated rows kept,safe when roster snapshot frozen,impute from verified depth chart + uncertainty
returning_production_def,pure,P0,AVAILABLE,ret_def (prior input),sportsdataverse cfb_returning_production,True,,safe,impute + uncertainty
returning_ol_snap_pct,pure,P1,NEW SOURCE REQUIRED,,,False,no public college snap counts,safe,position-unit fallback
returning_wrte_rec_yards_pct,pure,P1,DERIVABLE,,ESPN player box,False,derivable; deferred — covered by aggregate returning production,safe,unit fallback
returning_qb_pass_yards_pct,pure,P1,DERIVABLE,,ESPN player box,False,deferred; in-season QB model + aggregate returning production,safe,0 if no returning passer; QB transfer handled separately
returning_def_snap_pct,pure,P1,NEW SOURCE REQUIRED,,,False,no public college snap counts,safe,unit fallback
talent_composite,pure,P2,AVAILABLE,talent_z (prior input),sportsdataverse cfb_team_talent (247 composite),True,,safe,conference/FBS mean
transfer_value_net,pure,P1,REJECTED,,roster diffs,False,portal arrival dates are not point-in-time in any reachable feed,safe,0 + uncertainty
coaching_change_hc,pure,P1,AVAILABLE,hc_new (prior input),"cfb_matchup_line hc_tenure (preseason incumbent), 2015+",True,"missing before 2015 -> flag m_coach, never zero",safe,0 if verified no change
coordinator_change_off,pure,P2,AVAILABLE,unit_change (offence prior),"cfb_matchup_line oc_cont, 2015+",True,,safe,unknown flag
coordinator_change_def,pure,P2,AVAILABLE,unit_change (defence prior),"cfb_matchup_line dc_cont, 2015+",True,,safe,unknown flag
offense_adj_epa_play,pure,P0,DERIVABLE,[ha]_epa__off,stage 3 joint ridge,True,,never include current-game or future plays,shrink to FBS mean using play-count-aware prior
offense_adj_pass_epa,pure,P0,DERIVABLE,[ha]_epa_pass__off,stage 3,True,"sacks included as dropbacks, every season",never include current-game or future plays,shrink to FBS mean using play-count-aware prior
offense_adj_rush_epa,pure,P0,DERIVABLE,[ha]_epa_rush__off,stage 3,True,"scrambles are rushes in the feed, every season",never include current-game or future plays,shrink to FBS mean using play-count-aware prior
offense_adj_success_rate,pure,P0,DERIVABLE,[ha]_sr__off,stage 3,True,,never include current-game or future plays,shrink to FBS mean using play-count-aware prior
offense_adj_early_down_success,pure,P1,DERIVABLE,[ha]_sr_early__off,stage 3,True,,never include current-game or future plays,shrink to FBS mean using play-count-aware prior
offense_adj_standard_down_success,pure,P1,REJECTED,,,False,redundant with early-down and passing-down success,never include current-game or future plays,shrink to FBS mean using play-count-aware prior
offense_adj_passing_down_success,pure,P1,DERIVABLE,[ha]_sr_pd__off,stage 3,True,,never include current-game or future plays,shrink to FBS mean using play-count-aware prior
offense_adj_explosiveness,pure,P1,DERIVABLE,[ha]_expl__off,stage 3,True,"explosive-play RATE, not EPA on successful plays",never include current-game or future plays,shrink to FBS mean using play-count-aware prior
offense_adj_pass_explosiveness,pure,P1,DERIVABLE,[ha]_expl_pass__off,stage 3,True,,never include current-game or future plays,shrink to FBS mean using play-count-aware prior
offense_adj_rush_explosiveness,pure,P1,DERIVABLE,[ha]_expl_rush__off,stage 3,True,,never include current-game or future plays,shrink to FBS mean using play-count-aware prior
defense_adj_epa_play,pure,P0,DERIVABLE,[ha]_epa__def,stage 3,True,sign: + = defence allows more,never include current-game or future plays,shrink to FBS mean using play-count-aware prior
defense_adj_pass_epa,pure,P0,DERIVABLE,[ha]_epa_pass__def,stage 3,True,,never include current-game or future plays,shrink to FBS mean using play-count-aware prior
defense_adj_rush_epa,pure,P0,DERIVABLE,[ha]_epa_rush__def,stage 3,True,,never include current-game or future plays,shrink to FBS mean using play-count-aware prior
defense_adj_success_rate,pure,P0,DERIVABLE,[ha]_sr__def,stage 3,True,,never include current-game or future plays,shrink to FBS mean using play-count-aware prior
defense_adj_early_down_success,pure,P1,DERIVABLE,[ha]_sr_early__def,stage 3,True,,never include current-game or future plays,shrink to FBS mean using play-count-aware prior
defense_adj_standard_down_success,pure,P1,REJECTED,,,False,redundant (see offence),never include current-game or future plays,shrink to FBS mean using play-count-aware prior
defense_adj_passing_down_success,pure,P1,DERIVABLE,[ha]_sr_pd__def,stage 3,True,,never include current-game or future plays,shrink to FBS mean using play-count-aware prior
defense_adj_explosiveness,pure,P1,DERIVABLE,[ha]_expl__def,stage 3,True,,never include current-game or future plays,shrink to FBS mean using play-count-aware prior
defense_adj_pass_explosiveness,pure,P1,DERIVABLE,[ha]_expl_pass__def,stage 3,True,,never include current-game or future plays,shrink to FBS mean using play-count-aware prior
defense_adj_rush_explosiveness,pure,P1,DERIVABLE,[ha]_expl_rush__def,stage 3,True,,never include current-game or future plays,shrink to FBS mean using play-count-aware prior
off_adj_line_yards,pure,P1,DERIVABLE,[ha]_line_yds__off,stage 1 own allocation from statYardage,True,provider line_yards drifts across seasons; recomputed,no current/future plays,mean + uncertainty
def_adj_line_yards_allowed,pure,P1,DERIVABLE,[ha]_line_yds__def,stage 1,True,,no current/future plays,mean + uncertainty
off_adj_stuff_rate_allowed,pure,P1,DERIVABLE,[ha]_stuff__off,stage 1 (rush statYardage <= 0),True,provider stuffed_run drifts,safe,mean + uncertainty
def_adj_stuff_rate,pure,P1,DERIVABLE,[ha]_stuff__def,stage 1,True,,safe,mean + uncertainty
off_second_level_yards,pure,P2,REJECTED,,,False,provider column drifts; line-yard allocation already caps at 10,safe,mean
def_second_level_yards_allowed,pure,P2,REJECTED,,,False,as above,safe,mean
off_open_field_yards,pure,P2,REJECTED,,,False,low stability; provider column drifts,safe,mean
def_open_field_yards_allowed,pure,P2,REJECTED,,,False,as above,safe,mean
off_havoc_allowed,pure,P1,DERIVABLE,[ha]_havoc__off (front havoc: sacks + run TFLs),stage 1,True,"classic havoc needs pass break-ups, whose tagging swings 4x between seasons",safe,mean
def_havoc_created,pure,P1,DERIVABLE,[ha]_havoc__def,stage 1,True,,safe,mean
off_front7_havoc_allowed,pure,P2,REJECTED,,,False,attribution unavailable,safe,mean
def_front7_havoc_created,pure,P2,REJECTED,,,False,attribution unavailable,safe,mean
off_db_havoc_allowed,pure,P2,REJECTED,,,False,needs PBU/INT attribution; PBU tagging drifts,safe,mean
def_db_havoc_created,pure,P2,REJECTED,,,False,as above,safe,mean
off_points_per_opportunity,pure,P1,DERIVABLE,[ha]_pts_per_opp__off,stage 1 drives,True,opportunity = drive reaching opp 40,safe,mean + attempts-based shrink
def_points_per_opportunity_allowed,pure,P1,DERIVABLE,[ha]_pts_per_opp__def,stage 1,True,,safe,mean + attempts-based shrink
off_scoring_opportunity_rate,pure,P1,DERIVABLE,[ha]_so_rate__off,stage 1,True,,safe,mean + drive-count shrink
def_scoring_opportunity_rate_allowed,pure,P1,DERIVABLE,[ha]_so_rate__def,stage 1,True,,safe,mean + shrink
off_drive_epa,pure,P0,DERIVABLE,[ha]_drive_epa__off,stage 1,True,,safe,mean + drive-count shrink
def_drive_epa_allowed,pure,P0,DERIVABLE,[ha]_drive_epa__def,stage 1,True,,safe,mean + drive-count shrink
off_points_per_drive,pure,P1,DERIVABLE,[ha]_ppd__off,stage 1,True,"TD=7, FG=3, non-garbage drives",safe,mean + shrink
def_points_per_drive_allowed,pure,P1,DERIVABLE,[ha]_ppd__def,stage 1,True,,safe,mean + shrink
off_avg_start_field_position,pure,P1,DERIVABLE,[ha]_start_fp__off,stage 1,True,yards to goal; higher = worse,safe,mean
def_avg_start_field_position_allowed,pure,P1,DERIVABLE,[ha]_start_fp__def,stage 1,True,,safe,mean
pace_seconds_per_play,pure,P1,REJECTED,,,False,the provider clock stamp changes meaning by season (doc),safe,FBS mean
plays_per_game_neutral,pure,P2,DERIVABLE,[ha]_plays_pg__off,stage 1,True,all scrimmage plays; not game-state neutralised,safe,FBS mean
drives_per_game_neutral,pure,P1,DERIVABLE,"[ha]_drives_pg__off, exp_drives_*",stage 1,True,,safe,FBS mean
qb_status,pure,P0,NEW SOURCE REQUIRED,engine input qb.status (live only),football/enrichment (tier 5 only today),False,no archived pregame status history exists; cannot be trained or backtested,must preserve timestamp/source,"unknown, never assume active"
qb_start_probability,pure,P0,DERIVABLE,"engine STATUS_START_PROB (declared, live only)",engine,False,declared mapping; calibration requires archived status reports,no post-kickoff info,wide prior
qb_adj_epa_dropback,pure,P0,DERIVABLE,[ha]_qb_exp_rating,stage 4,True,,safe,replacement-level distribution
qb_success_rate,pure,P1,DERIVABLE,,stage 4,False,deferred; EPA/dropback carries it,safe,replacement mean
qb_cpoe,pure,P2,NEW SOURCE REQUIRED,,,False,no air-yards / expected-completion model in the feed,safe,0 + uncertainty
qb_sack_rate,pure,P1,DERIVABLE,,stage 4,False,team sack-rate rating carries it,safe,team/QB blended mean
qb_rush_epa,pure,P1,DERIVABLE,,stage 4,False,scrambles not separable from designed runs,safe,0 + uncertainty
qb_turnover_rate,pure,P2,DERIVABLE,,stage 4,False,regresses almost fully to the mean,safe,league mean
qb_experience_starts,pure,P1,DERIVABLE,"[ha]_qb_exp_starts, [ha]_qb_exp_db_log",stage 4,True,,safe,0
qb_starter_backup_delta,pure,P0,DERIVABLE,[ha]_qb_drop,stage 4,True,"backup = next passer by dropbacks, else replacement mean",no arbitrary star points,0 effect + larger sigma if unknown
availability_ol_value_lost,pure,P1,NEW SOURCE REQUIRED,"engine input (live), capped",football/availability,False,no archived pregame injury reports or snap counts,source timestamp required,0 + unknown flag
availability_skill_value_lost,pure,P1,NEW SOURCE REQUIRED,"engine input (live), capped",football/availability,False,as above,source timestamp required,0 + unknown flag
availability_front7_value_lost,pure,P1,NEW SOURCE REQUIRED,"engine input (live), capped",football/availability,False,as above,source timestamp required,0 + unknown flag
availability_secondary_value_lost,pure,P1,NEW SOURCE REQUIRED,"engine input (live), capped",football/availability,False,as above,source timestamp required,0 + unknown flag
availability_uncertainty,pure,P0,DERIVABLE,engine sigma inflation (live),engine,False,"variance only, never the mean",safe,high if feeds unavailable
st_epa_per_game,pure,P1,DERIVABLE,"[ha]_st_net__off/def, edge_st_net",stage 1+3,True,zero-sum net special-teams EPA,safe,0 + large uncertainty
fg_value_over_expected,pure,P2,DERIVABLE,"[ha]_fg_value__off, edge_fg_value",stage 1+3,True,FG EPA = value vs EP expectation,safe,league mean
punt_net_ep_value,pure,P2,DERIVABLE,punt_net_epa (stage 1 only),stage 1,False,folded into st_net,safe,league mean
return_ep_value,pure,P2,DERIVABLE,kick_net_epa (stage 1 only),stage 1,False,folded into st_net,safe,league mean
home_field_team_effect,pure,P1,DERIVABLE,hfa_team_edge,walk-forward residuals,True,"home-minus-road residual, partial pooling",never estimate using current-game result,global HFA
travel_distance_miles,pure,P2,DERIVABLE,travel_miles_log,team_info geography,True,ablation decides,safe,0 only for verified local/neutral setup
timezone_shift_hours,pure,P2,DERIVABLE,tz_shift,team_info timezone,True,ablation decides,safe,0
rest_days_diff,pure,P2,DERIVABLE,rest_diff,schedule,True,ablation decides,safe,0
altitude_diff_ft,pure,P3,DERIVABLE,altitude_kft,team_info elevation,True,ablation decides,safe,0
wind_mph,pure,P1,NEW SOURCE REQUIRED,"engine input weather.wind_mph (live, variance only)",,False,no archived pregame FORECASTS reachable; observed weather would leak post-kickoff information,never use observed postgame weather,climatology + uncertainty
precip_prob,pure,P2,NEW SOURCE REQUIRED,"engine input (live, variance only)",,False,as above,no observed postgame weather,climatology + uncertainty
temperature_f,pure,P2,NEW SOURCE REQUIRED,"engine input (live, variance only)",,False,as above,no observed postgame weather,climatology
weather_forecast_age_minutes,pure,P2,NEW SOURCE REQUIRED,engine input (live),,False,as above,safe,large
team_strength_ewma,pure,P0,DERIVABLE,[ha]_<metric>__off_rec/def_rec,stage 3 recent horizon,True,half-life tuned,no future games,prior rating
off_epa_ewma,pure,P1,DERIVABLE,[ha]_epa__off_rec,stage 3,True,,safe,season/prior blend
def_epa_ewma,pure,P1,DERIVABLE,[ha]_epa__def_rec,stage 3,True,,safe,season/prior blend
form_vs_season_delta,pure,P1,DERIVABLE,form_<metric>,stage 5,True,,safe,0
team_volatility,pure,P0,DERIVABLE,"[ha]_<metric>__vol, vol_sum",stage 3,True,,safe,league prior
match_pass_edge,pure,P0,DERIVABLE,match_pass_edge,stage 5,True,,inputs must be pregame,0 + uncertainty
match_rush_edge,pure,P0,DERIVABLE,match_rush_edge,stage 5,True,,safe,0 + uncertainty
match_havoc_edge,pure,P1,DERIVABLE,"match_havoc_edge, match_sack_edge",stage 5,True,,safe,0
match_explosive_edge,pure,P1,DERIVABLE,match_explosive_edge,stage 5,True,,safe,0 + uncertainty
match_early_down_edge,pure,P1,DERIVABLE,match_early_down_edge,stage 5,True,,safe,0
match_passing_down_edge,pure,P1,DERIVABLE,match_passing_down_edge,stage 5,True,,safe,0
match_trench_edge,pure,P1,DERIVABLE,match_trench_edge,stage 5,True,,safe,0
match_finishing_edge,pure,P1,DERIVABLE,match_finishing_edge,stage 5,True,,safe,0
expected_possessions,pure,P0,DERIVABLE,"exp_drives_home, exp_drives_away",stage 5,True,,safe,FBS mean
sample_effective_plays,pure,P0,DERIVABLE,[ha]_epa__n_eff_off,stage 3,True,,safe,0
sample_effective_drives,pure,P0,DERIVABLE,[ha]_ppd__n_eff_off,stage 3,True,,safe,0
pbp_completeness,pure,P0,DERIVABLE,report/data_quality.json,stage 1 vs schedule,False,"a pipeline QA gate, not a model input",safe,0
source_conflict_score,pure,P0,NEW SOURCE REQUIRED,engine input (live),football/enrichment,False,no historical source-conflict archive,safe,high if unknown
ensemble_std_margin,pure,P0,DERIVABLE,ens_sd,stage 7,True,,pure submodels only,large if model missing
prediction_sigma,pure,P0,DERIVABLE,sigma,stage 7,True,,trained only on past residuals,wide fallback
football_confidence,pure,P0,DERIVABLE,reliability,stage 7,True,NOT betting edge,must not include market edge,low
open_spread,market,P0,AVAILABLE,open_margin,cfbfastR multi-book archive 2012-2025 (none in 2020); CFBD mean 2026,True,converted to home-margin convention at ingestion,never enter pure-model feature set,null
current_spread,market,P0,NEW SOURCE REQUIRED,engine input market.current (live),EdgeDesk capture (signals),False,no historical intermediate snapshots; history has open and close only,market layer only,null
close_spread,evaluation,P0,AVAILABLE,close_margin (EVALUATION ONLY),archive,True,never a pregame feature,ABSOLUTELY FORBIDDEN as pregame model feature unless prediction timestamp is itself at close,null
current_price_american,market,P0,NEW SOURCE REQUIRED,engine input (live),EdgeDesk capture,False,"the archive carries lines, not spread prices; backtests state -110",market layer only,-110 only if verified product default; otherwise null
consensus_spread,market,P0,AVAILABLE,open_margin / close_margin (median across books),archive,True,,market layer only,null
market_dispersion,market,P1,NEW SOURCE REQUIRED,engine input (live),EdgeDesk capture,False,history has cross-book SD at the CLOSE only; not usable pregame,market layer only,high uncertainty
line_move_from_open,market,P1,DERIVABLE,"line_move (evaluation), engine live",archive,False,evaluation only historically,market layer only,null
pure_model_margin,market,P0,DERIVABLE,ens_pred,stage 7,True,,generated before market comparison,required
model_market_gap,market,P0,DERIVABLE,gap_open,stage 8,True,,market layer only,null
cover_probability,market,P0,DERIVABLE,pc_home_cal / p_side,stage 8,True,calibrated walk-forward,market layer only,null
break_even_probability,market,P0,DERIVABLE,engine breakEven(price),stage 8,True,,market layer only,null
estimated_ev_per_unit,market,P0,DERIVABLE,ev,stage 8,True,,market layer only,null
edge_reliability,market,P0,DERIVABLE,reliability (+ gates),stage 7/8,True,,market layer only,low
external_model_consensus,market,P2,NEW SOURCE REQUIRED,,Prediction Tracker,False,network policy blocks the host; ESPN FPI archive is end-of-season (leaks); CFBD pregame Elo is benchmarked alone,keep separate from internally-generated pure model,null
external_model_dispersion,market,P2,NEW SOURCE REQUIRED,,Prediction Tracker,False,as above,benchmark/meta layer only,null
final_home_points,target,P0,AVAILABLE,home_points (TARGET),schedule,True,target only,"target only, never feature",required after final
final_away_points,target,P0,AVAILABLE,away_points (TARGET),schedule,True,target only,target only,required after final
final_margin_home,target,P0,AVAILABLE,margin (TARGET),schedule,True,target only,target only,required
ats_result_current,target,P0,DERIVABLE,bet_result (EVALUATION),stage 8,True,evaluation only,target only,null
clv_points,target,P0,DERIVABLE,clv_pts (EVALUATION),stage 8,True,evaluation only,evaluation only,null
prediction_abs_error,target,P0,DERIVABLE,report,stage 9,True,evaluation only,evaluation only,required
