feature_name,layer,family,side,definition,recommended_transform_or_formula,available_as_of,leakage_rule,priority,expected_stability,missing_data_policy,inspired_by,suggested_source,notes
game_id,context,identifier,game,Unique game identifier,raw,schedule creation,safe,P0,n/a,required,CFBD,CFBD games,
season,context,identifier,game,Season year,raw,schedule creation,safe,P0,n/a,required,All,CFBD games,
week,context,identifier,game,Official season week,raw,schedule creation,safe,P0,n/a,required,All,CFBD games,
kickoff_ts,context,identifier,game,Scheduled kickoff timestamp,UTC + local timezone fields,schedule creation,safe if snapshot respects timestamp,P0,n/a,required,All,CFBD games,
home_team,context,identifier,game,Canonical home team ID/name,canonical team ID preferred,schedule creation,safe,P0,n/a,required,All,CFBD teams/games,
away_team,context,identifier,game,Canonical away team ID/name,canonical team ID preferred,schedule creation,safe,P0,n/a,required,All,CFBD teams/games,
neutral_site,pure,game_context,game,Neutral-site indicator,boolean,schedule creation,safe,P0,high,default false only when verified,FPI/SP+/Sagarin,CFBD games,
conference_game,pure,game_context,game,Conference-game indicator,boolean,schedule creation,safe,P2,high,null,context,CFBD games,
prior_power_rating,pure,prior,team,Previous-season final predictive strength,z-score / points above FBS avg; shrink toward mean,preseason,safe,P0,high,league mean + uncertainty flag,SP+/FPI/Sagarin,internal previous model,
prior_off_rating,pure,prior,offense,Previous-season offense strength,standardize by season,preseason,safe,P0,high,league mean,FPI/SP+,internal/CFBD,
prior_def_rating,pure,prior,defense,Previous-season defense strength,standardize by season; consistent sign convention,preseason,safe,P0,high,league mean,FPI/SP+,internal/CFBD,
recent_program_history_3y,pure,prior,team,Recency-weighted predictive strength over prior 3 seasons,"decay-weighted average, learned in walk-forward validation",preseason,safe,P1,high,regress to conference/FBS mean,SP+,internal historical,
returning_production_off,pure,roster_prior,offense,Returning/incoming offensive production,weighted returning snaps/production; treat transfers as incoming prior,preseason + roster updates,safe when roster snapshot frozen,P0,medium,impute from verified depth chart + uncertainty,SP+,ESPN/roster data/CFBD,
returning_production_def,pure,roster_prior,defense,Returning/incoming defensive production,weighted returning snaps/tackles/TFL or learned replacement-value features,preseason + roster updates,safe,P0,medium,impute + uncertainty,SP+,ESPN/roster data/CFBD,
returning_ol_snap_pct,pure,roster_prior,offense,Share of offensive-line snaps returning/incoming from known players,"percentage; cap [0,1]",preseason + weekly,safe,P1,medium,position-unit fallback,SP+ 2026,roster/player snaps,
returning_wrte_rec_yards_pct,pure,roster_prior,offense,Share of WR/TE receiving production retained or replaced by transfer production,percentage,preseason,safe,P1,medium,unit fallback,SP+ 2026,roster/player stats,
returning_qb_pass_yards_pct,pure,roster_prior,offense,Returning QB passing production,percentage + separate QB experience features,preseason,safe,P1,medium,0 if no returning passer; QB transfer handled separately,SP+ 2026,roster/player stats,
returning_def_snap_pct,pure,roster_prior,defense,Share of defensive snaps retained/incoming,percentage,preseason,safe,P1,medium,unit fallback,SP+ 2026,roster/player snaps,
talent_composite,pure,roster_prior,team,Roster talent composite/recruiting quality,season-standardized; low regularization weight,preseason + roster updates,safe,P2,medium,conference/FBS mean,SP+/FPI,CFBD/recruiting source,
transfer_value_net,pure,roster_prior,team,Estimated incoming minus outgoing transfer production/value,position-adjusted prior; shrink lower-division translations heavily,preseason + roster updates,safe,P1,medium,0 + uncertainty,SP+ 2026,roster/portal/player stats,
coaching_change_hc,pure,coaching,team,Head-coach change flag,boolean + interaction with prior under/over-performance,preseason,safe,P1,high,0 if verified no change,SP+/FPI,coaching data,
coordinator_change_off,pure,coaching,offense,Offensive coordinator/system change,boolean / categorical continuity,preseason,safe,P2,medium,unknown flag,FPI,coaching data,
coordinator_change_def,pure,coaching,defense,Defensive coordinator/system change,boolean / categorical continuity,preseason,safe,P2,medium,unknown flag,FPI,coaching data,
offense_adj_epa_play,pure,adjusted_efficiency,offense,Opponent-adjusted EPA per play,opponent-adjusted + garbage-time filtered; season-to-date and EWMA,through prior completed game only,never include current-game or future plays,P0,high,shrink to FBS mean using play-count-aware prior,SP+/FPI/cfbfastR/CFBD,CFBD advanced/PBP,higher is better
offense_adj_pass_epa,pure,adjusted_efficiency,offense,Opponent-adjusted passing EPA/dropback,exclude sacks consistently or include as pass plays consistently across history,through prior completed game only,never include current-game or future plays,P0,high,shrink to FBS mean using play-count-aware prior,SP+/FPI/cfbfastR/CFBD,CFBD advanced/PBP,higher is better
offense_adj_rush_epa,pure,adjusted_efficiency,offense,Opponent-adjusted rushing EPA/rush,QB scrambles standardized consistently,through prior completed game only,never include current-game or future plays,P0,high,shrink to FBS mean using play-count-aware prior,SP+/FPI/cfbfastR/CFBD,CFBD advanced/PBP,higher is better
offense_adj_success_rate,pure,adjusted_efficiency,offense,Opponent-adjusted success rate,play-success definition fixed across seasons,through prior completed game only,never include current-game or future plays,P0,high,shrink to FBS mean using play-count-aware prior,SP+/FPI/cfbfastR/CFBD,CFBD advanced/PBP,higher is better
offense_adj_early_down_success,pure,adjusted_efficiency,offense,Opponent-adjusted early-down success rate,downs 1-2; filter garbage time,through prior completed game only,never include current-game or future plays,P1,high,shrink to FBS mean using play-count-aware prior,SP+/FPI/cfbfastR/CFBD,CFBD advanced/PBP,higher is better
offense_adj_standard_down_success,pure,adjusted_efficiency,offense,Opponent-adjusted standard-down success,use CFBD definition consistently,through prior completed game only,never include current-game or future plays,P1,high,shrink to FBS mean using play-count-aware prior,SP+/FPI/cfbfastR/CFBD,CFBD advanced/PBP,higher is better
offense_adj_passing_down_success,pure,adjusted_efficiency,offense,Opponent-adjusted passing-down success,use CFBD definition consistently,through prior completed game only,never include current-game or future plays,P1,medium,shrink to FBS mean using play-count-aware prior,SP+/FPI/cfbfastR/CFBD,CFBD advanced/PBP,higher is better
offense_adj_explosiveness,pure,adjusted_efficiency,offense,Opponent-adjusted EPA on successful plays / explosiveness,winsorize extreme tails; model separately from efficiency,through prior completed game only,never include current-game or future plays,P1,medium,shrink to FBS mean using play-count-aware prior,SP+/FPI/cfbfastR/CFBD,CFBD advanced/PBP,higher is better
offense_adj_pass_explosiveness,pure,adjusted_efficiency,offense,Opponent-adjusted passing explosiveness,winsorize; shrink small sample,through prior completed game only,never include current-game or future plays,P1,medium,shrink to FBS mean using play-count-aware prior,SP+/FPI/cfbfastR/CFBD,CFBD advanced/PBP,higher is better
offense_adj_rush_explosiveness,pure,adjusted_efficiency,offense,Opponent-adjusted rushing explosiveness,winsorize; shrink small sample,through prior completed game only,never include current-game or future plays,P1,medium,shrink to FBS mean using play-count-aware prior,SP+/FPI/cfbfastR/CFBD,CFBD advanced/PBP,higher is better
defense_adj_epa_play,pure,adjusted_efficiency,defense,Opponent-adjusted EPA per play,opponent-adjusted + garbage-time filtered; season-to-date and EWMA,through prior completed game only,never include current-game or future plays,P0,high,shrink to FBS mean using play-count-aware prior,SP+/FPI/cfbfastR/CFBD,CFBD advanced/PBP,lower is better for defense; normalize sign before modeling
defense_adj_pass_epa,pure,adjusted_efficiency,defense,Opponent-adjusted passing EPA/dropback,exclude sacks consistently or include as pass plays consistently across history,through prior completed game only,never include current-game or future plays,P0,high,shrink to FBS mean using play-count-aware prior,SP+/FPI/cfbfastR/CFBD,CFBD advanced/PBP,lower is better for defense; normalize sign before modeling
defense_adj_rush_epa,pure,adjusted_efficiency,defense,Opponent-adjusted rushing EPA/rush,QB scrambles standardized consistently,through prior completed game only,never include current-game or future plays,P0,high,shrink to FBS mean using play-count-aware prior,SP+/FPI/cfbfastR/CFBD,CFBD advanced/PBP,lower is better for defense; normalize sign before modeling
defense_adj_success_rate,pure,adjusted_efficiency,defense,Opponent-adjusted success rate,play-success definition fixed across seasons,through prior completed game only,never include current-game or future plays,P0,high,shrink to FBS mean using play-count-aware prior,SP+/FPI/cfbfastR/CFBD,CFBD advanced/PBP,lower is better for defense; normalize sign before modeling
defense_adj_early_down_success,pure,adjusted_efficiency,defense,Opponent-adjusted early-down success rate,downs 1-2; filter garbage time,through prior completed game only,never include current-game or future plays,P1,high,shrink to FBS mean using play-count-aware prior,SP+/FPI/cfbfastR/CFBD,CFBD advanced/PBP,lower is better for defense; normalize sign before modeling
defense_adj_standard_down_success,pure,adjusted_efficiency,defense,Opponent-adjusted standard-down success,use CFBD definition consistently,through prior completed game only,never include current-game or future plays,P1,high,shrink to FBS mean using play-count-aware prior,SP+/FPI/cfbfastR/CFBD,CFBD advanced/PBP,lower is better for defense; normalize sign before modeling
defense_adj_passing_down_success,pure,adjusted_efficiency,defense,Opponent-adjusted passing-down success,use CFBD definition consistently,through prior completed game only,never include current-game or future plays,P1,medium,shrink to FBS mean using play-count-aware prior,SP+/FPI/cfbfastR/CFBD,CFBD advanced/PBP,lower is better for defense; normalize sign before modeling
defense_adj_explosiveness,pure,adjusted_efficiency,defense,Opponent-adjusted EPA on successful plays / explosiveness,winsorize extreme tails; model separately from efficiency,through prior completed game only,never include current-game or future plays,P1,medium,shrink to FBS mean using play-count-aware prior,SP+/FPI/cfbfastR/CFBD,CFBD advanced/PBP,lower is better for defense; normalize sign before modeling
defense_adj_pass_explosiveness,pure,adjusted_efficiency,defense,Opponent-adjusted passing explosiveness,winsorize; shrink small sample,through prior completed game only,never include current-game or future plays,P1,medium,shrink to FBS mean using play-count-aware prior,SP+/FPI/cfbfastR/CFBD,CFBD advanced/PBP,lower is better for defense; normalize sign before modeling
defense_adj_rush_explosiveness,pure,adjusted_efficiency,defense,Opponent-adjusted rushing explosiveness,winsorize; shrink small sample,through prior completed game only,never include current-game or future plays,P1,medium,shrink to FBS mean using play-count-aware prior,SP+/FPI/cfbfastR/CFBD,CFBD advanced/PBP,lower is better for defense; normalize sign before modeling
off_adj_line_yards,pure,trenches,offense,Opponent-adjusted line yards per rush,season + EWMA; shrink by rush attempts,prior games only,no current/future plays,P1,medium,mean + uncertainty,SP+/CFBD,CFBD advanced,
def_adj_line_yards_allowed,pure,trenches,defense,Opponent-adjusted line yards allowed,season + EWMA,prior games only,no current/future plays,P1,medium,mean + uncertainty,SP+/CFBD,CFBD advanced,
off_adj_stuff_rate_allowed,pure,trenches,offense,Rate offense is stuffed at/behind line,opponent adjusted; lower better,prior games only,safe,P1,medium,mean + uncertainty,SP+/CFBD,CFBD advanced/PBP,
def_adj_stuff_rate,pure,trenches,defense,Rate defense stuffs rushes,opponent adjusted; higher better,prior games only,safe,P1,medium,mean + uncertainty,SP+/CFBD,CFBD advanced/PBP,
off_second_level_yards,pure,trenches,offense,Opponent-adjusted second-level rush yards/carry,shrink small samples,prior games only,safe,P2,medium,mean,CFBD,CFBD advanced,
def_second_level_yards_allowed,pure,trenches,defense,Opponent-adjusted second-level yards allowed,shrink small samples,prior games only,safe,P2,medium,mean,CFBD,CFBD advanced,
off_open_field_yards,pure,trenches,offense,Opponent-adjusted open-field rush yards/carry,heavy shrink / winsorize,prior games only,safe,P2,low,mean,CFBD,CFBD advanced,
def_open_field_yards_allowed,pure,trenches,defense,Opponent-adjusted open-field yards allowed,heavy shrink / winsorize,prior games only,safe,P2,low,mean,CFBD,CFBD advanced,
off_havoc_allowed,pure,havoc,offense,Opponent-adjusted disruptive play rate allowed,sacks+TFL+INT+FF definition frozen,prior games only,safe,P1,medium,mean,SP+/CFBD,CFBD advanced/PBP,
def_havoc_created,pure,havoc,defense,Opponent-adjusted havoc generated,sacks+TFL+INT+FF definition frozen,prior games only,safe,P1,medium,mean,SP+/CFBD,CFBD advanced/PBP,
off_front7_havoc_allowed,pure,havoc,offense,Front-seven havoc allowed,shrink small samples,prior games only,safe,P2,medium,mean,CFBD,CFBD advanced,
def_front7_havoc_created,pure,havoc,defense,Front-seven havoc generated,shrink small samples,prior games only,safe,P2,medium,mean,CFBD,CFBD advanced,
off_db_havoc_allowed,pure,havoc,offense,Defensive-back havoc conceded by offense,shrink small samples,prior games only,safe,P2,medium,mean,CFBD,CFBD advanced,
def_db_havoc_created,pure,havoc,defense,DB havoc generated,shrink small samples,prior games only,safe,P2,medium,mean,CFBD,CFBD advanced,
off_points_per_opportunity,pure,finishing_drives,offense,Points per drive reaching opponent 40,opponent adjusted; empirical-Bayes shrink,prior games only,safe,P1,medium,mean + attempts-based shrink,SP+/FEI/CFBD,CFBD advanced,
def_points_per_opportunity_allowed,pure,finishing_drives,defense,Points allowed per opponent scoring opportunity,opponent adjusted; shrink,prior games only,safe,P1,medium,mean + attempts-based shrink,SP+/FEI/CFBD,CFBD advanced,
off_scoring_opportunity_rate,pure,drive_efficiency,offense,Share of drives reaching opponent 40,opponent adjusted when possible,prior games only,safe,P1,high,mean + drive-count shrink,FEI/SP+,PBP drives,
def_scoring_opportunity_rate_allowed,pure,drive_efficiency,defense,Share of opponent drives reaching own 40,opponent adjusted,prior games only,safe,P1,high,mean + shrink,FEI/SP+,PBP drives,
off_drive_epa,pure,drive_efficiency,offense,EPA per offensive possession,opponent adjusted; exclude garbage possessions,prior games only,safe,P0,high,mean + drive-count shrink,FEI/FPI,PBP drives,
def_drive_epa_allowed,pure,drive_efficiency,defense,EPA allowed per opponent possession,opponent adjusted; exclude garbage possessions,prior games only,safe,P0,high,mean + drive-count shrink,FEI/FPI,PBP drives,
off_points_per_drive,pure,drive_efficiency,offense,Non-garbage points per offensive drive,opponent adjusted / field-position contextualized,prior games only,safe,P1,high,mean + shrink,FEI,PBP drives,
def_points_per_drive_allowed,pure,drive_efficiency,defense,Non-garbage points allowed per opponent drive,opponent adjusted,prior games only,safe,P1,high,mean + shrink,FEI,PBP drives,
off_avg_start_field_position,pure,field_position,offense,Average starting field position,yards to goal or expected-points value; freeze convention,prior games only,safe,P1,medium,mean,SP+/FEI/CFBD,CFBD/PBP,
def_avg_start_field_position_allowed,pure,field_position,defense,Average opponent starting field position,same convention as offense,prior games only,safe,P1,medium,mean,SP+/FEI/CFBD,CFBD/PBP,
pace_seconds_per_play,pure,tempo,team,Neutral/game-state adjusted seconds per play,remove obvious clock-kill/gargabe situations,prior games only,safe,P1,medium,FBS mean,SP+,PBP,
plays_per_game_neutral,pure,tempo,team,Expected meaningful offensive play volume,game-state adjusted,prior games only,safe,P2,medium,FBS mean,SP+,PBP,
drives_per_game_neutral,pure,tempo,team,Expected non-garbage possession count,game-state adjusted,prior games only,safe,P1,medium,FBS mean,FEI,PBP drives,
qb_status,pure,availability,quarterback,Pregame QB availability state,categorical: confirmed/probable/questionable/GTD/doubtful/out,latest verified before prediction freeze,must preserve timestamp/source,P0,n/a,"unknown, never assume active",FPI + EdgeDesk design,official/team/reliable reports,
qb_start_probability,pure,availability,quarterback,Probability expected QB starts,calibrated mapping from status/source quality; not subjective certainty,prediction timestamp,no post-kickoff info,P0,medium,wide prior,Bayesian availability,derived,
qb_adj_epa_dropback,pure,qb_quality,quarterback,QB opponent-adjusted EPA/dropback,multi-season hierarchical shrink; age/experience optional if validated,prior snaps only,safe,P0,medium,replacement-level distribution,FPI/cfbfastR,PBP,
qb_success_rate,pure,qb_quality,quarterback,QB dropback success rate,opponent adjusted + shrink,prior snaps only,safe,P1,medium,replacement mean,FPI,PBP,
qb_cpoe,pure,qb_quality,quarterback,Completion percentage over expectation,shrink by attempts,prior attempts only,safe,P2,medium,0 + uncertainty,modern QB models,PBP/provider,
qb_sack_rate,pure,qb_quality,quarterback,Sack rate on dropbacks,opponent adjusted if possible,prior dropbacks only,safe,P1,medium,team/QB blended mean,FPI,PBP,
qb_rush_epa,pure,qb_quality,quarterback,QB designed/scramble rushing value,separate scramble/designed if possible,prior plays only,safe,P1,medium,0 + uncertainty,modern QB models,PBP,
qb_turnover_rate,pure,qb_quality,quarterback,Interception/turnover-worthy proxy per dropback,strong regression to mean,prior plays only,safe,P2,low,league mean,modern QB models,PBP/provider,
qb_experience_starts,pure,qb_quality,quarterback,Career FBS starts before game,log1p or capped spline,before game,safe,P1,high,0,FPI/SP+ priors,roster/history,
qb_starter_backup_delta,pure,availability,quarterback,Estimated drop from expected starter to expected backup,posterior difference in QB/unit projections; capped and uncertainty-aware,prediction timestamp,no arbitrary star points,P0,medium,0 effect + larger sigma if unknown,FPI-inspired,internal,
availability_ol_value_lost,pure,availability,offense,Expected OL value unavailable,snap-share/replacement model; correlated cap,prediction timestamp,source timestamp required,P1,medium,0 + unknown flag,EdgeDesk extension,injury/depth chart,
availability_skill_value_lost,pure,availability,offense,Expected RB/WR/TE value unavailable,production/snap share + replacement quality; capped,prediction timestamp,source timestamp required,P1,medium,0 + unknown flag,EdgeDesk extension,injury/depth chart,
availability_front7_value_lost,pure,availability,defense,Expected DL/LB pass-rush/run-defense value unavailable,snap/production share + replacement quality,prediction timestamp,source timestamp required,P1,medium,0 + unknown flag,EdgeDesk extension,injury/depth chart,
availability_secondary_value_lost,pure,availability,defense,Expected DB coverage/production value unavailable,snap/production share + replacement quality,prediction timestamp,source timestamp required,P1,medium,0 + unknown flag,EdgeDesk extension,injury/depth chart,
availability_uncertainty,pure,uncertainty,team,Uncertainty due to unresolved player availability,aggregate entropy/variance contribution,prediction timestamp,safe,P0,n/a,high if feeds unavailable,Bayesian design,derived,
st_epa_per_game,pure,special_teams,special_teams,Opponent/context adjusted special-teams EPA contribution,shrink aggressively,prior games only,safe,P1,low,0 + large uncertainty,FPI/SP+,PBP,
fg_value_over_expected,pure,special_teams,special_teams,Kicking value relative to distance/conditions,hierarchical kicker model,prior kicks only,safe,P2,low,league mean,FPI/SP+,PBP,
punt_net_ep_value,pure,special_teams,special_teams,Punt value including field position,"EP change, exclude obvious blocks if modeled separately",prior punts only,safe,P2,medium,league mean,SP+/FEI,PBP,
return_ep_value,pure,special_teams,special_teams,Kick/punt return expected-points value,shrink heavily,prior returns only,safe,P2,low,league mean,SP+,PBP,
home_field_team_effect,pure,location,game,Team/venue home-field posterior,partial pooling toward conference/FBS HFA,historical only,never estimate using current-game result,P1,medium,global HFA,FPI/Sagarin,internal historical,
travel_distance_miles,pure,location,away_team,Travel distance to venue,log1p / spline; include only if validated,schedule + venue,safe,P2,high,0 only for verified local/neutral setup,FPI philosophy,team/venue geo,
timezone_shift_hours,pure,location,away_team,Time-zone displacement,signed and absolute variants,schedule + venue,safe,P2,high,0,context,venue/team geo,
rest_days_diff,pure,rest,game,Home rest days minus away rest days,cap extreme values; include only if validated for CFB,schedule,safe,P2,high,0,FPI philosophy,schedule,
altitude_diff_ft,pure,location,game,Venue altitude relative to team baseline,spline; only keep if walk-forward useful,schedule,safe,P3,high,0,context,venue data,
wind_mph,pure,weather,game,Pregame wind forecast,nonlinear spline; interact with pass/kick,forecast snapshot,never use observed postgame weather,P1,medium,climatology + uncertainty,context,weather API,
precip_prob,pure,weather,game,Pregame precipitation probability,probability; interaction terms only if validated,forecast snapshot,no observed postgame weather,P2,low,climatology + uncertainty,context,weather API,
temperature_f,pure,weather,game,Pregame temperature forecast,splines for extremes,forecast snapshot,no observed postgame weather,P2,medium,climatology,context,weather API,
weather_forecast_age_minutes,pure,data_quality,game,Age of weather forecast at prediction time,raw/log,prediction timestamp,safe,P2,high,large,EdgeDesk QA,derived,
team_strength_ewma,pure,recent_form,team,Exponentially weighted opponent-adjusted team performance,decay parameter selected by walk-forward CV,prior games only,no future games,P0,medium,prior rating,Sagarin Recent/SP+,derived,
off_epa_ewma,pure,recent_form,offense,EWMA adjusted offensive EPA,learn half-life; shrink,prior games only,safe,P1,medium,season/prior blend,Sagarin Recent,derived,
def_epa_ewma,pure,recent_form,defense,EWMA adjusted defensive EPA allowed,learn half-life; shrink,prior games only,safe,P1,medium,season/prior blend,Sagarin Recent,derived,
form_vs_season_delta,pure,recent_form,team,Recent-form rating minus full-season posterior,"difference, capped; drives uncertainty too",prior games only,safe,P1,medium,0,Sagarin Recent,derived,
team_volatility,pure,uncertainty,team,Residual game-to-game performance volatility,robust SD/MAD after opponent/context adjustment,prior games only,safe,P0,medium,league prior,ensemble/EdgeDesk,derived,
match_pass_edge,pure,matchup,game,Home pass offense vs away pass defense minus reverse matchup,standardized interaction from adjusted pass EPA/success,pregame snapshot,inputs must be pregame,P0,medium,0 + uncertainty,SP+/FPI ensemble,derived,
match_rush_edge,pure,matchup,game,Home rush offense vs away rush defense minus reverse matchup,standardized interaction,pregame snapshot,safe,P0,medium,0 + uncertainty,SP+/CFBD,derived,
match_havoc_edge,pure,matchup,game,Pressure/disruption mismatch,off havoc allowed x def havoc created interactions,pregame snapshot,safe,P1,medium,0,CFBD,derived,
match_explosive_edge,pure,matchup,game,Explosive offense vs explosive defense mismatch,pass/rush separate then combined,pregame snapshot,safe,P1,low,0 + uncertainty,SP+/CFBD,derived,
match_early_down_edge,pure,matchup,game,Early-down offense vs early-down defense mismatch,standardized difference/interactions,pregame snapshot,safe,P1,high,0,SP+,derived,
match_passing_down_edge,pure,matchup,game,Passing-down offense vs passing-down defense mismatch,standardized difference,pregame snapshot,safe,P1,medium,0,SP+/CFBD,derived,
match_trench_edge,pure,matchup,game,Run-block/front mismatch,line yards + stuff + second-level interaction,pregame snapshot,safe,P1,medium,0,CFBD,derived,
match_finishing_edge,pure,matchup,game,Scoring-opportunity creation/finishing vs prevention,drive-level interaction,pregame snapshot,safe,P1,medium,0,FEI/SP+,derived,
expected_possessions,pure,matchup,game,Expected meaningful possessions,pace/drive model combining both teams,pregame snapshot,safe,P0,medium,FBS mean,FEI/SP+,derived,
sample_effective_plays,pure,data_quality,team,Effective non-garbage play sample after weighting,sum of play weights,pregame snapshot,safe,P0,high,0,statistical QA,derived,
sample_effective_drives,pure,data_quality,team,Effective drive sample,sum of drive weights,pregame snapshot,safe,P0,high,0,statistical QA,derived,
pbp_completeness,pure,data_quality,team,Share of expected plays with valid PBP fields,"[0,1]",pregame snapshot,safe,P0,high,0,EdgeDesk QA,derived,
source_conflict_score,pure,data_quality,game,Conflicts among QB/injury/depth sources,normalized conflict metric,prediction timestamp,safe,P0,n/a,high if unknown,EdgeDesk QA,derived,
ensemble_std_margin,pure,uncertainty,game,Standard deviation of independent pure-model projected margins,SD + robust range,prediction timestamp,pure submodels only,P0,n/a,large if model missing,ensemble/metamodel,derived,
prediction_sigma,pure,uncertainty,game,Calibrated expected error SD/scale for margin,heteroskedastic residual model / conformal interval,prediction timestamp,trained only on past residuals,P0,n/a,wide fallback,Bayesian/ensemble,derived,
football_confidence,pure,uncertainty,game,"Data/prediction trustworthiness, not betting edge","calibrated composite from sample, availability, disagreement, freshness",prediction timestamp,must not include market edge,P0,n/a,low,EdgeDesk,derived,
open_spread,market,market,game,Earliest reliable consensus/book spread,canonical home-team sign convention,opening timestamp,never enter pure-model feature set,P0,high,null,Coleman/metamodel,odds provider,
current_spread,market,market,game,Current best/consensus spread,canonical sign + timestamp,prediction timestamp,market layer only,P0,high,null,betting layer,odds provider,
close_spread,evaluation,market,game,Closing spread,evaluation benchmark only,after market close,ABSOLUTELY FORBIDDEN as pregame model feature unless prediction timestamp is itself at close,P0,high,null,Coleman/metamodel,odds archive,
current_price_american,market,market,game,Spread price/juice at selected line,convert to implied break-even probability,prediction timestamp,market layer only,P0,high,-110 only if verified product default; otherwise null,betting layer,odds provider,
consensus_spread,market,market,game,Robust consensus across books,median after stale/outlier filtering,prediction timestamp,market layer only,P0,high,null,betting layer,odds provider,
market_dispersion,market,market,game,Cross-book spread/price disagreement,IQR/MAD,prediction timestamp,market layer only,P1,medium,high uncertainty,betting layer,odds provider,
line_move_from_open,market,market,game,Current minus opener with consistent home sign,difference + key-number crossings,prediction timestamp,market layer only,P1,medium,null,Coleman/metamodel,derived,
pure_model_margin,market,model_output,game,Frozen EdgeDesk pure projected home margin,stored immutable output,prediction timestamp,generated before market comparison,P0,n/a,required,EdgeDesk,internal,
model_market_gap,market,decision,game,Pure projected margin minus market-implied home margin,consistent sign; retain raw and absolute,prediction timestamp,market layer only,P0,n/a,null,Coleman/metamodel,derived,
cover_probability,market,decision,game,Calibrated probability chosen side covers current spread,CDF of calibrated conditional margin distribution,prediction timestamp,market layer only,P0,n/a,null,betting layer,derived,
break_even_probability,market,decision,game,Probability needed to break even at offered price,from decimal/American odds,prediction timestamp,market layer only,P0,n/a,null,betting layer,derived,
estimated_ev_per_unit,market,decision,game,Expected value using calibrated cover probability and actual price,p_win*profit - p_loss*stake; pushes handled,prediction timestamp,market layer only,P0,n/a,null,betting layer,derived,
edge_reliability,market,decision,game,"Reliability of the wager, distinct from edge magnitude","function of football confidence, market quality, calibration, model disagreement",prediction timestamp,market layer only,P0,n/a,low,EdgeDesk,derived,
external_model_consensus,market,external_benchmark,game,Consensus projected margin from independent public systems,median/stacked benchmark; never label as EdgeDesk pure model,weekly pregame,keep separate from internally-generated pure model,P2,medium,null,Prediction Tracker/Coleman,Prediction Tracker,
external_model_dispersion,market,external_benchmark,game,Disagreement among public prediction systems,SD/IQR after sign normalization,weekly pregame,benchmark/meta layer only,P2,medium,null,Prediction Tracker,Prediction Tracker,
final_home_points,target,outcome,game,Final home score,raw,postgame,"target only, never feature",P0,n/a,required after final,evaluation,score feed,
final_away_points,target,outcome,game,Final away score,raw,postgame,target only,P0,n/a,required after final,evaluation,score feed,
final_margin_home,target,outcome,game,Home score minus away score,home_points-away_points,postgame,target only,P0,n/a,required,evaluation,derived,
ats_result_current,target,outcome,game,Cover/push/loss against frozen betting snapshot,derive from margin + frozen line,postgame,target only,P0,n/a,null,evaluation,derived,
clv_points,target,evaluation,game,"Difference between bet line taken and closing line, side-aware",normalize to chosen side,post-close,evaluation only,P0,n/a,null,betting evaluation,odds archive,
prediction_abs_error,target,evaluation,game,Absolute pure-model margin error,abs(pure_model_margin-final_margin_home),postgame,evaluation only,P0,n/a,required,evaluation,derived,
