system,type,public_methodology,distinctive_ideas,2026_relevant_detail,what_to_copy,edge_desk_role,reproducibility,source
ESPN SP+,predictive efficiency power rating,"Tempo- and opponent-adjusted efficiency; offense, defense and special teams; preseason priors; forward-looking rather than résumé-based.",Sustainable/predictive performance; opponent adjustment; tempo adjustment; preseason priors that fade; roster continuity/returning production; recent history; recruiting/transfers; coaching-change effects.,"2026 preseason SP+ uses returning production, recent history, recent recruiting/transfers, and coaching-change effects. ESPN reported recruiting now only about 1-2% of the preseason formula.","Architecture and feature philosophy, not proprietary formula or weights.",Primary adjusted-efficiency submodel + preseason prior family.,"Partial: methodology public, exact production formula proprietary.",https://www.espn.com/college-football/story/_/id/48306284/2026-college-football-sp%2B-rankings-138-fbs-teams
ESPN FPI,Bayesian predictive power rating,"Predicted offense, defense and special-teams components; EPA framework; opponent adjustment; Bayesian regression; blowout capping; preseason prior declines as season evidence arrives.","Unit-level latent strength; Bayesian updating; iterative opponent adjustment; priors from prior performance, returning starters/QB, recruiting and coaching tenure.",Methodology remains useful as an architecture even though the detailed public explainer is older.,"Bayesian/shrinkage architecture, unit decomposition, opponent adjustment, early-season priors, blowout dampening.",Bayesian latent-team-strength submodel.,"Partial: architecture public, exact implementation proprietary.",https://www.espn.com/blog/statsinfo/post/_/id/122612/an-inside-look-at-college-fpi
FEI (Fremeau Efficiency Index),opponent-adjusted possession efficiency,"Evaluates non-garbage possessions, field position and opponent quality to assess how efficiently teams perform on possessions.",Drive/possession unit instead of only play-level averages; field-position context; opponent adjustment; non-garbage filtering.,Possession-level view is complementary to EPA/play and helps avoid a single modeling lens.,Drive-value and possession-efficiency features; scoring opportunity and field-position context.,Drive/possession submodel.,Partial: high-level methodology public.,https://withasideofpod.nd.edu/episodes/2-17-on-football-rankings-and-measuring-efficiency-brian-fremeau-fei/
Jeff Sagarin Predictor / Recent / Golden Mean,score-based power ratings,Predictor is score-based; Recent gives more weight to recent games; overall rating synthesizes multiple score-based views.,Separate full-season score signal from recency-sensitive signal; retain starting priors rather than throwing them away.,Useful as an intentionally different score-based family inside an ensemble.,"Margin-based ridge/Elo/state-space challenger and recency view, not rankings themselves.",Dynamic margin/recency submodel.,Partial.,https://sagarin.com/sports/nflsend.htm
Massey-Peabody philosophy,contextual predictive power rating,"Public explanation emphasizes rushing, passing, scoring and play success, cleaned/contextualized for opponent and game situation, then weighted by predictive ability.",Do fewer things but clean them better; contextualize opponent and game state; prefer predictive signal over descriptive noise.,Current Unabated material also notes Peabody blends ratings to regress model estimates toward the mean.,"Feature cleaning, opponent/game-state context, explicit regression to mean, restrained feature selection.",Design philosophy + compact challenger model.,Partial: proprietary details unavailable.,https://www.wharton.upenn.edu/story/prof-cade-massey-explains-the-analytics-behind-his-nfl-rankings/
cfbfastR EPA framework,open play-by-play expected-points framework,EPA is change in expected points from before to after a play; modern CFB feature engineering builds efficiency metrics from play context.,Play-level value rather than raw yards; pass/rush splits; garbage-time handling; reproducible PBP-derived metrics.,cfbfastR published updated EPA documentation in September 2026.,EPA/PBP pipeline and play-level feature generation.,Foundational feature pipeline.,High: open-source.,https://github.com/sportsdataverse/cfbfastR/blob/main/vignettes/college-football-expected-points-model-fundamentals-part-iv.Rmd
CFBD opponent-adjusted training feature set,clean historical model dataset,"Historical pregame rows with opponent-adjusted EPA, success, line yards, explosiveness, havoc, finishing drives, field position, Elo and talent; features based only on games played before each matchup.",Point-in-time snapshots; opponent-adjusted features; leakage-safe game rows.,"CFBD's published Model Training Pack describes 2016-2024 FBS games, Week 5 through postseason, 92 columns / 81 usable predictive features.",Feature families and point-in-time schema. Acquire data through CFBD API/exports or your own pipeline.,Historical training-data blueprint.,High conceptually; actual pack/API access may require CFBD account/tier.,https://cdn.collegefootballdata.com/CFBD%20Model%20Training%20Pack%20-%20Data%20Info%20Sheet.pdf
Coleman 2025 CFB predictive metamodel,ensemble of independent rating systems,"Forward selection with season-wise cross-validation over 29 systems and 5,925 games (2016-2024, excluding 2020) produced a five-system OLS metamodel.",Diversity of models can add signal; season-wise out-of-sample validation; compare directly with opening/midweek/closing betting markets.,"Selected systems: Dokter Entropy, Pi-Rate Bias, Keeper, ESPN FPI, Pigskin Index. Study found strongest incremental usefulness versus the opener, with value eroding toward the close.","Ensemble-selection procedure and market-benchmark discipline, NOT the historical coefficients as production weights.",Benchmark ensemble / stacking design.,High from public weekly/archive predictions.,https://journals.sagepub.com/doi/10.1177/22150218251365223
The Prediction Tracker,multi-model benchmark dataset,"Compiles weekly predicted margins from dozens of CFB computer systems and betting lines, with historical archives and comparative results.",External benchmark; model diversity; opening/current/closing comparisons.,"2026 weekly page includes FPI, FEI projections, Sagarin variants and many other systems.","Use as an external benchmark/challenger source, not as ground truth.","Weekly benchmarking and meta-features, kept outside pure football features unless explicitly building an external-consensus challenger.",High.,https://www.thepredictiontracker.com/predncaa.php
